entity_id,type,debit,credit,amount,currency,fee,tax,settlement_id,settlement_utr,created_at,settled_at,payment_id,order_id,method,description
pay_S8M8GV8NKZ0003,payment,0,151269,154924,INR,3098,557,setl_J87FDHKL3E0001,6947530309t579,2026-05-30,2026-06-01,pay_S8M8GV8NKZ0003,order_AHTXHU3L5A0002,upi,Payment captured
pay_3PNV1Z494H0006,payment,0,154887,158629,INR,3172,570,setl_J87FDHKL3E0001,6947530309t579,2026-05-30,2026-06-01,pay_3PNV1Z494H0006,order_FF7EJJ6LS90005,card,Payment captured
pay_62NGG3Y3250009,payment,0,17707,18134,INR,362,65,setl_J87FDHKL3E0001,6947530309t579,2026-05-30,2026-06-01,pay_62NGG3Y3250009,order_XE8RT7PJ6R0008,card,Payment captured
pay_276P1DL0A00012,payment,0,80962,82918,INR,1658,298,setl_J87FDHKL3E0001,6947530309t579,2026-05-30,2026-06-01,pay_276P1DL0A00012,order_5RE4GDAFRL0011,emi,Payment captured
pay_MEER1HRCF20015,payment,0,368921,377837,INR,7556,1360,setl_J87FDHKL3E0001,6947530309t579,2026-05-30,2026-06-01,pay_MEER1HRCF20015,order_WDD689LD8F0014,wallet,Payment captured
pay_ERZUL4V9AV0018,payment,0,202112,206996,INR,4139,745,setl_J87FDHKL3E0001,6947530309t579,2026-05-30,2026-06-01,pay_ERZUL4V9AV0018,order_EA5GEP8SJY0017,card,Payment captured
pay_JSL43AHEKC0021,payment,0,784650,803614,INR,16072,2892,setl_J87FDHKL3E0001,6947530309t579,2026-05-30,2026-06-01,pay_JSL43AHEKC0021,order_87SDF3TCAX0020,card,Payment captured
pay_RTLG0C6QN50024,payment,0,968313,991717,INR,19834,3570,setl_J87FDHKL3E0001,6947530309t579,2026-05-30,2026-06-01,pay_RTLG0C6QN50024,order_2KRLM2BMX20023,netbanking,Payment captured
pay_YW38H0NSC30027,payment,0,140053,143437,INR,2868,516,setl_J87FDHKL3E0001,6947530309t579,2026-05-30,2026-06-01,pay_YW38H0NSC30027,order_1XBHSMSCG30026,emi,Payment captured
pay_AVUP3W544P0030,payment,0,114197,116957,INR,2339,421,setl_J87FDHKL3E0001,6947530309t579,2026-05-30,2026-06-01,pay_AVUP3W544P0030,order_W1UJN20MV10029,card,Payment captured
pay_1RKAG3QM950033,payment,0,545831,559023,INR,11180,2012,setl_J87FDHKL3E0001,6947530309t579,2026-05-30,2026-06-01,pay_1RKAG3QM950033,order_BCR6E52N070032,wallet,Payment captured
pay_T4EURTXWFJ0036,payment,0,1365955,1398970,INR,27979,5036,setl_J87FDHKL3E0001,6947530309t579,2026-05-30,2026-06-01,pay_T4EURTXWFJ0036,order_4L64SRT97R0035,wallet,Payment captured
pay_0WP5WX0T2S0041,payment,0,12146163,12439739,INR,248794,44782,setl_2Q7QT37B0X0039,8722962486x269,2026-05-31,2026-06-02,pay_0WP5WX0T2S0041,order_B1BF3J5MDS0040,card,Payment captured
pay_HLVGBV01NE0044,payment,0,1516385,1553035,INR,31060,5590,setl_2Q7QT37B0X0039,8722962486x269,2026-05-31,2026-06-02,pay_HLVGBV01NE0044,order_KRJ6HP5SZL0043,netbanking,Payment captured
pay_653TWRFT4R0047,payment,0,117183,120015,INR,2400,432,setl_2Q7QT37B0X0039,8722962486x269,2026-05-31,2026-06-02,pay_653TWRFT4R0047,order_7G3Z5K3M9T0046,netbanking,Payment captured
pay_74BFUQ1RVZ0050,payment,0,234991,240670,INR,4813,866,setl_2Q7QT37B0X0039,8722962486x269,2026-05-31,2026-06-02,pay_74BFUQ1RVZ0050,order_TA9NFR27R60049,card,Payment captured
pay_NUQZMVAJTC0053,payment,0,58960,60384,INR,1207,217,setl_2Q7QT37B0X0039,8722962486x269,2026-05-31,2026-06-02,pay_NUQZMVAJTC0053,order_WHMNP6T9UG0052,netbanking,Payment captured
pay_VFRH2Q90440056,payment,0,22817,23368,INR,467,84,setl_2Q7QT37B0X0039,8722962486x269,2026-05-31,2026-06-02,pay_VFRH2Q90440056,order_S6HE17EDKK0055,card,Payment captured
pay_5EQSN3HQKT0059,payment,0,28880,29577,INR,591,106,setl_2Q7QT37B0X0039,8722962486x269,2026-05-31,2026-06-02,pay_5EQSN3HQKT0059,order_LA246UCQUU0058,wallet,Payment captured
pay_BTCM694TM30062,payment,0,10151172,10396529,INR,207930,37427,setl_2Q7QT37B0X0039,8722962486x269,2026-05-31,2026-06-02,pay_BTCM694TM30062,order_74FC3WSBFQ0061,wallet,Payment captured
pay_A52DN9Z74D0065,payment,0,834273,854436,INR,17088,3075,setl_2Q7QT37B0X0039,8722962486x269,2026-05-31,2026-06-02,pay_A52DN9Z74D0065,order_1C5FWSWH180064,netbanking,Payment captured
pay_T266R5K0N80068,payment,0,1374923,1408155,INR,28163,5069,setl_2Q7QT37B0X0039,8722962486x269,2026-05-31,2026-06-02,pay_T266R5K0N80068,order_2FQH5HK7U80067,emi,Payment captured
pay_R0Q2CW600K0071,payment,0,1595435,1633996,INR,32679,5882,setl_2Q7QT37B0X0039,8722962486x269,2026-05-31,2026-06-02,pay_R0Q2CW600K0071,order_7K46YX05WN0070,upi,Payment captured
pay_LMF0R7KQ5S0076,payment,0,213446,218604,INR,4372,786,setl_7CERUQF3GG0074,2905584866w406,2026-06-01,2026-06-03,pay_LMF0R7KQ5S0076,order_DUYZ3KR92M0075,wallet,Payment captured
pay_B1TAD7UQYQ0079,payment,0,1179545,1208054,INR,24161,4348,setl_7CERUQF3GG0074,2905584866w406,2026-06-01,2026-06-03,pay_B1TAD7UQYQ0079,order_VN06GR0YUU0078,upi,Payment captured
pay_6UXH5EKQ1Z0082,payment,0,7304876,7481437,INR,149628,26933,setl_7CERUQF3GG0074,2905584866w406,2026-06-01,2026-06-03,pay_6UXH5EKQ1Z0082,order_2MNJZ98TLS0081,upi,Payment captured
pay_CV7HGRJ05Z0085,payment,0,1209524,1238758,INR,24775,4459,setl_7CERUQF3GG0074,2905584866w406,2026-06-01,2026-06-03,pay_CV7HGRJ05Z0085,order_BWQE5V2HJC0084,wallet,Payment captured
rfnd_RZGZYD1TNH0087,refund,60007,0,60007,INR,0,0,setl_7CERUQF3GG0074,2905584866w406,2026-06-02,2026-06-03,pay_653TWRFT4R0047,order_7G3Z5K3M9T0046,,Partial refund
pay_64Z8G48QC90091,payment,0,731303,748978,INR,14979,2696,setl_PQXKATKJSM0089,4721365350e115,2026-06-02,2026-06-04,pay_64Z8G48QC90091,order_WBMSDJ29HE0090,upi,Payment captured
pay_3GHP34Q2X50094,payment,0,903676,925517,INR,18510,3331,setl_PQXKATKJSM0089,4721365350e115,2026-06-02,2026-06-04,pay_3GHP34Q2X50094,order_KEJTW09U580093,upi,Payment captured
pay_3DUVYG8PK60097,payment,0,31516,32277,INR,645,116,setl_PQXKATKJSM0089,4721365350e115,2026-06-02,2026-06-04,pay_3DUVYG8PK60097,order_F3GZJDXH2Y0096,upi,Payment captured
pay_F9P025XLZV0100,payment,0,189528,194108,INR,3882,698,setl_PQXKATKJSM0089,4721365350e115,2026-06-02,2026-06-04,pay_F9P025XLZV0100,order_VXYAMK1EKB0099,wallet,Payment captured
pay_VCQ1DAPVPJ0103,payment,0,1092208,1118606,INR,22372,4026,setl_PQXKATKJSM0089,4721365350e115,2026-06-02,2026-06-04,pay_VCQ1DAPVPJ0103,order_TP8HY3HU790102,emi,Payment captured
pay_12UH1BWL5Z0106,payment,0,1268468,1299126,INR,25982,4676,setl_PQXKATKJSM0089,4721365350e115,2026-06-02,2026-06-04,pay_12UH1BWL5Z0106,order_YE1C3B5EW30105,netbanking,Payment captured
pay_RGKSNMKEM70109,payment,0,209089,214141,INR,4282,770,setl_PQXKATKJSM0089,4721365350e115,2026-06-02,2026-06-04,pay_RGKSNMKEM70109,order_LE8H98NYYK0108,netbanking,Payment captured
pay_F805C4NW680112,payment,0,964759,988076,INR,19761,3556,setl_PQXKATKJSM0089,4721365350e115,2026-06-02,2026-06-04,pay_F805C4NW680112,order_8EV54CDZUE0111,wallet,Payment captured
pay_EXG0USKXFK0115,payment,0,10537711,10792411,INR,215848,38852,setl_PQXKATKJSM0089,4721365350e115,2026-06-02,2026-06-04,pay_EXG0USKXFK0115,order_9LZZU02XDX0114,upi,Payment captured
pay_V6NZ45U0890120,payment,0,583068,597160,INR,11943,2149,setl_EUG89CXJ0K0118,1696846464w889,2026-06-03,2026-06-05,pay_V6NZ45U0890120,order_4C2ZR4U4QR0119,upi,Payment captured
pay_B2D18ZR0FZ0123,payment,0,204993,209946,INR,4198,755,setl_EUG89CXJ0K0118,1696846464w889,2026-06-03,2026-06-05,pay_B2D18ZR0FZ0123,order_LT48K3FQ4Y0122,card,Payment captured
pay_URVHDR25EH0126,payment,0,1204679,1233795,INR,24675,4441,setl_EUG89CXJ0K0118,1696846464w889,2026-06-03,2026-06-05,pay_URVHDR25EH0126,order_4AFBSPK93H0125,emi,Payment captured
pay_C0ZSBYEYRG0129,payment,0,179717,184060,INR,3681,662,setl_EUG89CXJ0K0118,1696846464w889,2026-06-03,2026-06-05,pay_C0ZSBYEYRG0129,order_F9ZE988B060128,upi,Payment captured
pay_6SCNUYDXTH0132,payment,0,1181272,1209823,INR,24196,4355,setl_EUG89CXJ0K0118,1696846464w889,2026-06-03,2026-06-05,pay_6SCNUYDXTH0132,order_CUNCNCWV810131,emi,Payment captured
pay_V43L4Y4CY30135,payment,0,30812,31556,INR,631,113,setl_EUG89CXJ0K0118,1696846464w889,2026-06-03,2026-06-05,pay_V43L4Y4CY30135,order_3F3MUWGFWU0134,upi,Payment captured
pay_J9Z1WTRHBM0138,payment,0,70071,71764,INR,1435,258,setl_EUG89CXJ0K0118,1696846464w889,2026-06-03,2026-06-05,pay_J9Z1WTRHBM0138,order_ZZ0CK4ZZ4E0137,card,Payment captured
pay_LMZ8QHNJR70141,payment,0,227954,233463,INR,4669,840,setl_EUG89CXJ0K0118,1696846464w889,2026-06-03,2026-06-05,pay_LMZ8QHNJR70141,order_E4M4FWYEUV0140,emi,Payment captured
pay_J38DH9KVLL0144,payment,0,114465,117230,INR,2344,421,setl_EUG89CXJ0K0118,1696846464w889,2026-06-03,2026-06-05,pay_J38DH9KVLL0144,order_EJWE459YJM0143,netbanking,Payment captured
pay_P2B7UV6R1V0147,payment,0,435410,445933,INR,8918,1605,setl_EUG89CXJ0K0118,1696846464w889,2026-06-03,2026-06-05,pay_P2B7UV6R1V0147,order_8LKLXCBFCS0146,emi,Payment captured
pay_HT4RKGDU020150,payment,0,230171,235733,INR,4714,848,setl_EUG89CXJ0K0118,1696846464w889,2026-06-03,2026-06-05,pay_HT4RKGDU020150,order_WY1JZ8GWR50149,netbanking,Payment captured
pay_6UAG3JSZ1Z0153,payment,0,32715,33505,INR,670,120,setl_EUG89CXJ0K0118,1696846464w889,2026-06-03,2026-06-05,pay_6UAG3JSZ1Z0153,order_185RPYDDU70152,emi,Payment captured
pay_18CCCJX6950156,payment,0,169191,173279,INR,3465,623,setl_EUG89CXJ0K0118,1696846464w889,2026-06-03,2026-06-05,pay_18CCCJX6950156,order_HJG1ZXZKN80155,emi,Payment captured
pay_S6NRTVQVUP0162,payment,0,1306187,1337757,INR,26755,4815,setl_NB4W2K2P280160,9248574674x844,2026-06-04,2026-06-06,pay_S6NRTVQVUP0162,order_PW690WM5XY0161,card,Payment captured
pay_GRRD9QQDG20165,payment,0,83287,85300,INR,1706,307,setl_NB4W2K2P280160,9248574674x844,2026-06-04,2026-06-06,pay_GRRD9QQDG20165,order_FY4S6PNTTJ0164,netbanking,Payment captured
pay_MUCAVGXU590168,payment,0,174989,179218,INR,3584,645,setl_NB4W2K2P280160,9248574674x844,2026-06-04,2026-06-06,pay_MUCAVGXU590168,order_DFQCM2MC170167,netbanking,Payment captured
pay_GMJ6WRAS0R0171,payment,0,272940,279536,INR,5590,1006,setl_NB4W2K2P280160,9248574674x844,2026-06-04,2026-06-06,pay_GMJ6WRAS0R0171,order_XUNM138WF10170,wallet,Payment captured
pay_F84D5J825D0176,payment,0,149841,153462,INR,3069,552,setl_6K5Z26PRF90174,8317619798c677,2026-06-05,2026-06-07,pay_F84D5J825D0176,order_8NKLW94HP70175,netbanking,Payment captured
pay_0400FJYHM10179,payment,0,1352219,1384902,INR,27698,4985,setl_6K5Z26PRF90174,8317619798c677,2026-06-05,2026-06-07,pay_0400FJYHM10179,order_DE6CU2MJ2Z0178,card,Payment captured
pay_C4DRC14QPD0182,payment,0,49372,50564,INR,1011,181,setl_6K5Z26PRF90174,8317619798c677,2026-06-05,2026-06-07,pay_C4DRC14QPD0182,order_TNHC2BRPEG0181,card,Payment captured
pay_2KV0M6RQVK0185,payment,0,80094,82029,INR,1640,295,setl_6K5Z26PRF90174,8317619798c677,2026-06-05,2026-06-07,pay_2KV0M6RQVK0185,order_DM37DY09W20184,netbanking,Payment captured
pay_6PXVAPNH6R0188,payment,0,1165111,1193271,INR,23865,4295,setl_6K5Z26PRF90174,8317619798c677,2026-06-05,2026-06-07,pay_6PXVAPNH6R0188,order_ZFNDT0CENP0187,netbanking,Payment captured
pay_85ZD67BA2A0194,payment,0,224432,229856,INR,4597,827,setl_7XS775LYLJ0192,3097302637r757,2026-06-06,2026-06-08,pay_85ZD67BA2A0194,order_EDA2JQEKAP0193,emi,Payment captured
pay_QVFCF1006D0197,payment,0,58793,60213,INR,1204,216,setl_7XS775LYLJ0192,3097302637r757,2026-06-06,2026-06-08,pay_QVFCF1006D0197,order_9SYT1FZ15R0196,card,Payment captured
pay_K1EVLR0X0J0200,payment,0,13293355,13614660,INR,272293,49012,setl_7XS775LYLJ0192,3097302637r757,2026-06-06,2026-06-08,pay_K1EVLR0X0J0200,order_6TCETCMWBP0199,netbanking,Payment captured
pay_REFTK0K0WZ0203,payment,0,79627,81551,INR,1631,293,setl_7XS775LYLJ0192,3097302637r757,2026-06-06,2026-06-08,pay_REFTK0K0WZ0203,order_47QY03M0FU0202,card,Payment captured
pay_X4X3JVWN6W0209,payment,0,72784,74542,INR,1490,268,setl_TVT7KEL3T20207,6582393412z178,2026-06-07,2026-06-09,pay_X4X3JVWN6W0209,order_7N5GJVA1X00208,netbanking,Payment captured
pay_JVRSK30E460212,payment,0,153989,157710,INR,3154,567,setl_TVT7KEL3T20207,6582393412z178,2026-06-07,2026-06-09,pay_JVRSK30E460212,order_NMB5P4UE270211,emi,Payment captured
pay_Q4Z158KYB60215,payment,0,174768,178991,INR,3579,644,setl_TVT7KEL3T20207,6582393412z178,2026-06-07,2026-06-09,pay_Q4Z158KYB60215,order_1X3GAGSQ890214,card,Payment captured
pay_XGLR9MLX350218,payment,0,98816,101204,INR,2024,364,setl_TVT7KEL3T20207,6582393412z178,2026-06-07,2026-06-09,pay_XGLR9MLX350218,order_6G44WEVCHB0217,wallet,Payment captured
pay_S79W01HYY50221,payment,0,64645,66207,INR,1324,238,setl_TVT7KEL3T20207,6582393412z178,2026-06-07,2026-06-09,pay_S79W01HYY50221,order_PTEGMZWN5H0220,netbanking,Payment captured
pay_UJMW4DYA7J0224,payment,0,1290096,1321277,INR,26425,4756,setl_TVT7KEL3T20207,6582393412z178,2026-06-07,2026-06-09,pay_UJMW4DYA7J0224,order_02J03M7ML70223,upi,Payment captured
pay_HHTZC4P3GR0227,payment,0,1873794,1919083,INR,38381,6908,setl_TVT7KEL3T20207,6582393412z178,2026-06-07,2026-06-09,pay_HHTZC4P3GR0227,order_QUCTQUL5780226,emi,Payment captured
pay_UUT8GJ2DTJ0230,payment,0,1699483,1740559,INR,34811,6265,setl_TVT7KEL3T20207,6582393412z178,2026-06-07,2026-06-09,pay_UUT8GJ2DTJ0230,order_3LJPPDYTLW0229,wallet,Payment captured
pay_5YE1P3P7TW0233,payment,0,171848,176001,INR,3520,633,setl_TVT7KEL3T20207,6582393412z178,2026-06-07,2026-06-09,pay_5YE1P3P7TW0233,order_F18TZ57WAF0232,upi,Payment captured
rfnd_L45A3NJVLT0235,refund,60008,0,60008,INR,0,0,setl_TVT7KEL3T20207,6582393412z178,2026-06-08,2026-06-09,pay_653TWRFT4R0047,order_7G3Z5K3M9T0046,,Partial refund
rfnd_ZSFZLD1VQ30236,refund,103498,0,103498,INR,0,0,setl_TVT7KEL3T20207,6582393412z178,2026-06-08,2026-06-09,pay_ERZUL4V9AV0018,order_EA5GEP8SJY0017,,Partial refund
pay_24PFGJH0Y30240,payment,0,207640,212658,INR,4253,765,setl_AXH3J6EQ0F0238,1439921366k476,2026-06-08,2026-06-10,pay_24PFGJH0Y30240,order_JKE9AL4YPK0239,emi,Payment captured
pay_9AZWJ02ZM60243,payment,0,630384,645620,INR,12912,2324,setl_AXH3J6EQ0F0238,1439921366k476,2026-06-08,2026-06-10,pay_9AZWJ02ZM60243,order_1UDR70HR7E0242,netbanking,Payment captured
pay_PKW1EV3RDR0246,payment,0,1270078,1300775,INR,26015,4682,setl_AXH3J6EQ0F0238,1439921366k476,2026-06-08,2026-06-10,pay_PKW1EV3RDR0246,order_231FKTFVF80245,upi,Payment captured
pay_3T9ESE758Z0249,payment,0,98409,100786,INR,2015,362,setl_AXH3J6EQ0F0238,1439921366k476,2026-06-08,2026-06-10,pay_3T9ESE758Z0249,order_99SLZJTHBX0248,upi,Payment captured
pay_QWR2WTEZH80252,payment,0,230540,236111,INR,4722,849,setl_AXH3J6EQ0F0238,1439921366k476,2026-06-08,2026-06-10,pay_QWR2WTEZH80252,order_ARC6Z0KMC20251,netbanking,Payment captured
pay_RKA2BQYAXA0255,payment,0,126575,129633,INR,2592,466,setl_AXH3J6EQ0F0238,1439921366k476,2026-06-08,2026-06-10,pay_RKA2BQYAXA0255,order_AZNUVR5Z7N0254,netbanking,Payment captured
pay_QENJGKGL450259,payment,0,179224,183555,INR,3671,660,setl_FCQ92Z5FG80257,8816681105c706,2026-06-08,2026-06-10,pay_QENJGKGL450259,order_JRUSW1WW4T0258,upi,Payment captured
pay_DVSMB14RG50262,payment,0,185269,189745,INR,3794,682,setl_FCQ92Z5FG80257,8816681105c706,2026-06-08,2026-06-10,pay_DVSMB14RG50262,order_VCPWKFRY180261,upi,Payment captured
pay_5DL317B03M0265,payment,0,774078,792786,INR,15855,2853,setl_FCQ92Z5FG80257,8816681105c706,2026-06-08,2026-06-10,pay_5DL317B03M0265,order_EBEN4JFXHC0264,wallet,Payment captured
pay_B0Y67Y8W0T0268,payment,0,150619,154259,INR,3085,555,setl_FCQ92Z5FG80257,8816681105c706,2026-06-08,2026-06-10,pay_B0Y67Y8W0T0268,order_6DFT0J2N9R0267,emi,Payment captured
pay_RWYBYKN7VM0271,payment,0,4567658,4678059,INR,93561,16840,setl_FCQ92Z5FG80257,8816681105c706,2026-06-08,2026-06-10,pay_RWYBYKN7VM0271,order_GRRTDQ0YMM0270,netbanking,Payment captured
pay_ZEZ1GXVWJL0274,payment,0,5253043,5380011,INR,107600,19368,setl_FCQ92Z5FG80257,8816681105c706,2026-06-08,2026-06-10,pay_ZEZ1GXVWJL0274,order_JXMWDBKKH90273,card,Payment captured
pay_RYWLFX4ASP0277,payment,0,10127,10371,INR,207,37,setl_FCQ92Z5FG80257,8816681105c706,2026-06-08,2026-06-10,pay_RYWLFX4ASP0277,order_1CMWQG7KXE0276,card,Payment captured
pay_UBWSGEXL0L0280,payment,0,1253764,1284067,INR,25681,4622,setl_FCQ92Z5FG80257,8816681105c706,2026-06-08,2026-06-10,pay_UBWSGEXL0L0280,order_0Y0G6QL4EC0279,upi,Payment captured
pay_Z0ZM4CS45S0285,payment,0,30639,31379,INR,627,113,setl_7KDZA3FU6N0283,1416555576g274,2026-06-09,2026-06-11,pay_Z0ZM4CS45S0285,order_6HV167SF0M0284,wallet,Payment captured
pay_H4MLPNJC3F0288,payment,0,1101319,1127935,INR,22558,4058,setl_7KDZA3FU6N0283,1416555576g274,2026-06-09,2026-06-11,pay_H4MLPNJC3F0288,order_6R6VF1C89K0287,netbanking,Payment captured
pay_UY2S076CMT0291,payment,0,233237,238873,INR,4777,859,setl_7KDZA3FU6N0283,1416555576g274,2026-06-09,2026-06-11,pay_UY2S076CMT0291,order_A92H2KKGGG0290,netbanking,Payment captured
pay_T2FN4P279Z0294,payment,0,218883,224172,INR,4483,806,setl_7KDZA3FU6N0283,1416555576g274,2026-06-09,2026-06-11,pay_T2FN4P279Z0294,order_VVT7GQJV4W0293,card,Payment captured
pay_581HBRZ74M0297,payment,0,222863,228247,INR,4564,820,setl_7KDZA3FU6N0283,1416555576g274,2026-06-09,2026-06-11,pay_581HBRZ74M0297,order_NDRC5DZNTZ0296,card,Payment captured
pay_JMAQSVT30Y0300,payment,0,1840927,1885422,INR,37708,6787,setl_7KDZA3FU6N0283,1416555576g274,2026-06-09,2026-06-11,pay_JMAQSVT30Y0300,order_PQQPT28BA60299,netbanking,Payment captured
pay_VNK9RD1WJB0303,payment,0,1459945,1495231,INR,29904,5382,setl_7KDZA3FU6N0283,1416555576g274,2026-06-09,2026-06-11,pay_VNK9RD1WJB0303,order_UVG6EXTWTS0302,emi,Payment captured
pay_MXFQYQV2XZ0306,payment,0,1218245,1247689,INR,24953,4491,setl_7KDZA3FU6N0283,1416555576g274,2026-06-09,2026-06-11,pay_MXFQYQV2XZ0306,order_Y8VLMUG6JS0305,upi,Payment captured
pay_KWMF7XMWDA0309,payment,0,1025629,1050418,INR,21008,3781,setl_7KDZA3FU6N0283,1416555576g274,2026-06-09,2026-06-11,pay_KWMF7XMWDA0309,order_9V2DKJNX250308,wallet,Payment captured
pay_ARQYVJG08V0312,payment,0,131861,135047,INR,2700,486,setl_7KDZA3FU6N0283,1416555576g274,2026-06-09,2026-06-11,pay_ARQYVJG08V0312,order_0ACNZAW9NB0311,card,Payment captured
pay_B8LHZC0SDD0315,payment,0,240383,246192,INR,4923,886,setl_7KDZA3FU6N0283,1416555576g274,2026-06-09,2026-06-11,pay_B8LHZC0SDD0315,order_7YNL1BQQJP0314,card,Payment captured
pay_HUHG7NNS9N0318,payment,0,185187,189662,INR,3793,682,setl_7KDZA3FU6N0283,1416555576g274,2026-06-09,2026-06-11,pay_HUHG7NNS9N0318,order_AV2G9TJ2G80317,upi,Payment captured
pay_US5DGMCUZW0321,payment,0,32448,33231,INR,664,119,setl_7KDZA3FU6N0283,1416555576g274,2026-06-09,2026-06-11,pay_US5DGMCUZW0321,order_H7KF8EGSQ50320,emi,Payment captured
pay_62LHJDLG260324,payment,0,197301,202069,INR,4041,727,setl_7KDZA3FU6N0283,1416555576g274,2026-06-09,2026-06-11,pay_62LHJDLG260324,order_FZXMH115T00323,wallet,Payment captured
pay_7BG12CAFV80329,payment,0,1069875,1095733,INR,21914,3944,setl_AL867LE7WR0327,2194675791q328,2026-06-10,2026-06-12,pay_7BG12CAFV80329,order_RF544F74WH0328,wallet,Payment captured
pay_7J2GSNNH1P0332,payment,0,204020,208951,INR,4179,752,setl_AL867LE7WR0327,2194675791q328,2026-06-10,2026-06-12,pay_7J2GSNNH1P0332,order_QAXYU9ZGCL0331,card,Payment captured
pay_W802RT1XU40335,payment,0,2023857,2072773,INR,41455,7461,setl_AL867LE7WR0327,2194675791q328,2026-06-10,2026-06-12,pay_W802RT1XU40335,order_9D368MMJG00334,netbanking,Payment captured
pay_9GB0KDDNTL0338,payment,0,4126132,4225862,INR,84517,15213,setl_AL867LE7WR0327,2194675791q328,2026-06-10,2026-06-12,pay_9GB0KDDNTL0338,order_M8WHY62U3A0337,emi,Payment captured
pay_DASN4QZNNU0341,payment,0,1758330,1800828,INR,36016,6482,setl_AL867LE7WR0327,2194675791q328,2026-06-10,2026-06-12,pay_DASN4QZNNU0341,order_Q0R8UD002W0340,netbanking,Payment captured
pay_V7YEW9QM9E0344,payment,0,510433,522769,INR,10455,1881,setl_AL867LE7WR0327,2194675791q328,2026-06-10,2026-06-12,pay_V7YEW9QM9E0344,order_LSAX5KCKWD0343,netbanking,Payment captured
pay_0H0SUB9Z880347,payment,0,202315,207204,INR,4144,745,setl_AL867LE7WR0327,2194675791q328,2026-06-10,2026-06-12,pay_0H0SUB9Z880347,order_96AHY4RRCW0346,emi,Payment captured
pay_5XCFEDMSEQ0350,payment,0,170135,174246,INR,3484,627,setl_AL867LE7WR0327,2194675791q328,2026-06-10,2026-06-12,pay_5XCFEDMSEQ0350,order_EPP3GP3EKB0349,emi,Payment captured
pay_401B6LQJ1U0353,payment,0,194029,198718,INR,3974,715,setl_AL867LE7WR0327,2194675791q328,2026-06-10,2026-06-12,pay_401B6LQJ1U0353,order_ECEY8GUVFU0352,netbanking,Payment captured
pay_HMD5EUESGN0356,payment,0,199441,204261,INR,4085,735,setl_AL867LE7WR0327,2194675791q328,2026-06-10,2026-06-12,pay_HMD5EUESGN0356,order_YP28KLMQSN0355,wallet,Payment captured
pay_3TZJX654YV0359,payment,0,167424,171470,INR,3429,617,setl_AL867LE7WR0327,2194675791q328,2026-06-10,2026-06-12,pay_3TZJX654YV0359,order_VKZW3LAWRQ0358,upi,Payment captured
pay_UJ588F1Z8A0362,payment,0,1537456,1574616,INR,31492,5668,setl_AL867LE7WR0327,2194675791q328,2026-06-10,2026-06-12,pay_UJ588F1Z8A0362,order_B1PCS6KZ1Q0361,upi,Payment captured
pay_4LQE8TPKML0367,payment,0,105991,108552,INR,2171,390,setl_65CCWG9TSM0365,6920691967s769,2026-06-11,2026-06-13,pay_4LQE8TPKML0367,order_Q91YY76A8J0366,emi,Payment captured
pay_DLSM91BUFP0370,payment,0,222972,228361,INR,4567,822,setl_65CCWG9TSM0365,6920691967s769,2026-06-11,2026-06-13,pay_DLSM91BUFP0370,order_2BRCJLJ8CK0369,card,Payment captured
pay_82KGM6C8HF0373,payment,0,945775,968633,INR,19372,3486,setl_65CCWG9TSM0365,6920691967s769,2026-06-11,2026-06-13,pay_82KGM6C8HF0373,order_5EQ00JGBN90372,card,Payment captured
pay_2SNAA9H9A00376,payment,0,9850597,10088689,INR,201773,36319,setl_65CCWG9TSM0365,6920691967s769,2026-06-11,2026-06-13,pay_2SNAA9H9A00376,order_0YG3JS6QFU0375,emi,Payment captured
pay_1JHQ4LGP810379,payment,0,80199,82136,INR,1642,295,setl_65CCWG9TSM0365,6920691967s769,2026-06-11,2026-06-13,pay_1JHQ4LGP810379,order_1P26MZ6SVY0378,upi,Payment captured
pay_ASM28GE8UX0385,payment,0,198289,203080,INR,4061,730,setl_LCZRALFT1Y0383,8171143901m700,2026-06-12,2026-06-14,pay_ASM28GE8UX0385,order_EFUYYTQN510384,wallet,Payment captured
pay_9ASRUF1XEM0388,payment,0,300105,307358,INR,6147,1106,setl_LCZRALFT1Y0383,8171143901m700,2026-06-12,2026-06-14,pay_9ASRUF1XEM0388,order_6HSE0QQW2Y0387,card,Payment captured
pay_C6ZW7T7M8T0391,payment,0,667514,683646,INR,13672,2460,setl_LCZRALFT1Y0383,8171143901m700,2026-06-12,2026-06-14,pay_C6ZW7T7M8T0391,order_QNRYKGHF7A0390,wallet,Payment captured
pay_GWZSMSRT6X0394,payment,0,1832888,1877188,INR,37543,6757,setl_LCZRALFT1Y0383,8171143901m700,2026-06-12,2026-06-14,pay_GWZSMSRT6X0394,order_M5H95WAAP00393,wallet,Payment captured
pay_AM27J9W7VS0397,payment,0,43233,44277,INR,885,159,setl_LCZRALFT1Y0383,8171143901m700,2026-06-12,2026-06-14,pay_AM27J9W7VS0397,order_QGTR30NKK60396,netbanking,Payment captured
pay_W874F0U5KL0400,payment,0,101890,104352,INR,2087,375,setl_LCZRALFT1Y0383,8171143901m700,2026-06-12,2026-06-14,pay_W874F0U5KL0400,order_SYB2HYNMUY0399,netbanking,Payment captured
pay_JRSFPL1GGE0403,payment,0,1483723,1519584,INR,30391,5470,setl_LCZRALFT1Y0383,8171143901m700,2026-06-12,2026-06-14,pay_JRSFPL1GGE0403,order_1T4Z942LMB0402,wallet,Payment captured
pay_6A76VA3UQA0408,payment,0,103292,105787,INR,2115,380,setl_YW65T4JM530406,6786043791r332,2026-06-13,2026-06-15,pay_6A76VA3UQA0408,order_2SKVAA9JYU0407,netbanking,Payment captured
pay_UH54T7NWBK0411,payment,0,169723,173824,INR,3476,625,setl_YW65T4JM530406,6786043791r332,2026-06-13,2026-06-15,pay_UH54T7NWBK0411,order_R9TUT2NEMJ0410,upi,Payment captured
pay_KDT1E6MNS00414,payment,0,136002,139288,INR,2785,501,setl_YW65T4JM530406,6786043791r332,2026-06-13,2026-06-15,pay_KDT1E6MNS00414,order_PX2V7Z5CXF0413,emi,Payment captured
pay_VNZDPHR3WA0417,payment,0,670930,687145,INR,13742,2473,setl_YW65T4JM530406,6786043791r332,2026-06-13,2026-06-15,pay_VNZDPHR3WA0417,order_60VWLC9HS60416,upi,Payment captured
pay_WY4NB0YJSC0420,payment,0,137624,140950,INR,2819,507,setl_YW65T4JM530406,6786043791r332,2026-06-13,2026-06-15,pay_WY4NB0YJSC0420,order_FXDDYKGJ7Q0419,emi,Payment captured
pay_NG7NGC079S0425,payment,0,904676,926541,INR,18530,3335,setl_0MBZRWE0N90423,8229392805y664,2026-06-14,2026-06-16,pay_NG7NGC079S0425,order_2WHG9ECJMC0424,netbanking,Payment captured
pay_GGQ0NN9RM20428,payment,0,1095831,1122317,INR,22446,4040,setl_0MBZRWE0N90423,8229392805y664,2026-06-14,2026-06-16,pay_GGQ0NN9RM20428,order_ZDT9CEVEP90427,card,Payment captured
pay_0SZ441ACUB0431,payment,0,163220,167164,INR,3343,601,setl_0MBZRWE0N90423,8229392805y664,2026-06-14,2026-06-16,pay_0SZ441ACUB0431,order_4YWWZ23WRP0430,emi,Payment captured
pay_QSVF1PEW6M0434,payment,0,155734,159497,INR,3189,574,setl_0MBZRWE0N90423,8229392805y664,2026-06-14,2026-06-16,pay_QSVF1PEW6M0434,order_KGC5YKJSZR0433,wallet,Payment captured
pay_8QKD148FQ30437,payment,0,3927408,4022334,INR,80446,14480,setl_0MBZRWE0N90423,8229392805y664,2026-06-14,2026-06-16,pay_8QKD148FQ30437,order_QA0DV9CWKW0436,upi,Payment captured
pay_ET3WFH23ZY0440,payment,0,120879,123799,INR,2475,445,setl_0MBZRWE0N90423,8229392805y664,2026-06-14,2026-06-16,pay_ET3WFH23ZY0440,order_JJ6N71N9RR0439,upi,Payment captured
disp_NZKFHDRKUA0442,dispute,210213,0,60213,INR,150000,0,setl_0MBZRWE0N90423,8229392805y664,2026-05-06,2026-06-16,pay_QVFCF1006D0197,order_9SYT1FZ15R0196,,Chargeback deduction incl. handling fee
pay_W7FMN85BCR0446,payment,0,178694,183012,INR,3660,658,setl_6KB09CSLDU0444,2165144965o770,2026-06-15,2026-06-17,pay_W7FMN85BCR0446,order_TZGBU0Q08G0445,netbanking,Payment captured
pay_JF09Q2RK3V0449,payment,0,137966,141300,INR,2826,508,setl_6KB09CSLDU0444,2165144965o770,2026-06-15,2026-06-17,pay_JF09Q2RK3V0449,order_TDS0BTQKX10448,wallet,Payment captured
pay_22V4TKNGJM0452,payment,0,14567201,14919295,INR,298385,53709,setl_6KB09CSLDU0444,2165144965o770,2026-06-15,2026-06-17,pay_22V4TKNGJM0452,order_KLWEHMWKBW0451,emi,Payment captured
pay_2AT2QNPEM40455,payment,0,1203969,1233068,INR,24661,4438,setl_6KB09CSLDU0444,2165144965o770,2026-06-15,2026-06-17,pay_2AT2QNPEM40455,order_ZM076JLNQC0454,emi,Payment captured
pay_BM5N5FSWLH0460,payment,0,175041,179271,INR,3585,645,setl_DNU41VU5L30458,4947215928w629,2026-06-16,2026-06-18,pay_BM5N5FSWLH0460,order_4F8HMJ12W40459,emi,Payment captured
pay_4UMHJNASA50463,payment,0,206309,211294,INR,4225,760,setl_DNU41VU5L30458,4947215928w629,2026-06-16,2026-06-18,pay_4UMHJNASA50463,order_LXKLKMD2VV0462,upi,Payment captured
pay_CVXFDG2MLU0466,payment,0,257560,263784,INR,5275,949,setl_DNU41VU5L30458,4947215928w629,2026-06-16,2026-06-18,pay_CVXFDG2MLU0466,order_RTPDMKDYCK0465,wallet,Payment captured
pay_PDG9F6U3WS0469,payment,0,377046,386159,INR,7723,1390,setl_DNU41VU5L30458,4947215928w629,2026-06-16,2026-06-18,pay_PDG9F6U3WS0469,order_U6JHTX929P0468,card,Payment captured
pay_NUSEVV8WAH0472,payment,0,15806,16187,INR,323,58,setl_DNU41VU5L30458,4947215928w629,2026-06-16,2026-06-18,pay_NUSEVV8WAH0472,order_5HP22CXYPA0471,upi,Payment captured
pay_PXYEKTBX0L0475,payment,0,1230039,1259769,INR,25195,4535,setl_DNU41VU5L30458,4947215928w629,2026-06-16,2026-06-18,pay_PXYEKTBX0L0475,order_K5X52D9VWB0474,card,Payment captured
rfnd_Z4VP9VMHZC0477,refund,103498,0,103498,INR,0,0,setl_DNU41VU5L30458,4947215928w629,2026-06-17,2026-06-18,pay_ERZUL4V9AV0018,order_EA5GEP8SJY0017,,Partial refund
rfnd_F48B68KNX60478,refund,89609,0,89609,INR,0,0,setl_DNU41VU5L30458,4947215928w629,2026-06-17,2026-06-18,pay_MUCAVGXU590168,order_DFQCM2MC170167,,Partial refund
pay_LTHA8GPYWT0482,payment,0,673793,690078,INR,13801,2484,setl_HAVCFX5CG90480,8497100471a691,2026-06-17,2026-06-19,pay_LTHA8GPYWT0482,order_WNNUTW4HTK0481,upi,Payment captured
pay_VXNF5JF5G50485,payment,0,182563,186977,INR,3739,675,setl_HAVCFX5CG90480,8497100471a691,2026-06-17,2026-06-19,pay_VXNF5JF5G50485,order_DG0DF31M4Y0484,netbanking,Payment captured
pay_UYJ8G1GWEV0488,payment,0,909101,931073,INR,18621,3351,setl_HAVCFX5CG90480,8497100471a691,2026-06-17,2026-06-19,pay_UYJ8G1GWEV0488,order_57BE6HY65L0487,card,Payment captured
pay_G4MV1EG0W70491,payment,0,1454206,1489354,INR,29787,5361,setl_HAVCFX5CG90480,8497100471a691,2026-06-17,2026-06-19,pay_G4MV1EG0W70491,order_33XRME7H5W0490,emi,Payment captured
pay_JUDZDAYHUB0494,payment,0,644759,660342,INR,13206,2377,setl_HAVCFX5CG90480,8497100471a691,2026-06-17,2026-06-19,pay_JUDZDAYHUB0494,order_PWVV3YFA810493,wallet,Payment captured
pay_K73JFJ253M0497,payment,0,151830,155500,INR,3110,560,setl_HAVCFX5CG90480,8497100471a691,2026-06-17,2026-06-19,pay_K73JFJ253M0497,order_0Z2KUJJAEB0496,emi,Payment captured
pay_6FK9T59F9F0500,payment,0,196750,201504,INR,4030,724,setl_HAVCFX5CG90480,8497100471a691,2026-06-17,2026-06-19,pay_6FK9T59F9F0500,order_R8T2ZCC6ZH0499,wallet,Payment captured
pay_LDUBU7FJ8E0503,payment,0,922929,945235,INR,18904,3402,setl_HAVCFX5CG90480,8497100471a691,2026-06-17,2026-06-19,pay_LDUBU7FJ8E0503,order_2YUULCVSD60502,wallet,Payment captured
pay_W9CGY3TXTT0508,payment,0,184617,189078,INR,3781,680,setl_PYDSHDL5160506,6589329268x870,2026-06-18,2026-06-20,pay_W9CGY3TXTT0508,order_06SK93AU400507,emi,Payment captured
pay_SNCBFDPHHF0511,payment,0,11836,12121,INR,242,43,setl_PYDSHDL5160506,6589329268x870,2026-06-18,2026-06-20,pay_SNCBFDPHHF0511,order_EA2G9G4YQU0510,netbanking,Payment captured
pay_SSM4E7N1M70514,payment,0,1661535,1701693,INR,34033,6125,setl_PYDSHDL5160506,6589329268x870,2026-06-18,2026-06-20,pay_SSM4E7N1M70514,order_WSLETD00XD0513,upi,Payment captured
pay_1A87631EQA0517,payment,0,757237,775538,INR,15510,2791,setl_PYDSHDL5160506,6589329268x870,2026-06-18,2026-06-20,pay_1A87631EQA0517,order_4B7KAC0TKX0516,emi,Payment captured
pay_GY7F4NJCNB0520,payment,0,940433,963163,INR,19263,3467,setl_PYDSHDL5160506,6589329268x870,2026-06-18,2026-06-20,pay_GY7F4NJCNB0520,order_F5UNMC0NV00519,upi,Payment captured
pay_K7B6CRJAMD0523,payment,0,194214,198908,INR,3978,716,setl_PYDSHDL5160506,6589329268x870,2026-06-18,2026-06-20,pay_K7B6CRJAMD0523,order_C1HP95KQEC0522,card,Payment captured
pay_HTK2LZL4RC0526,payment,0,217382,222635,INR,4452,801,setl_PYDSHDL5160506,6589329268x870,2026-06-18,2026-06-20,pay_HTK2LZL4RC0526,order_1WHJWPCMXE0525,upi,Payment captured
pay_RMCM7FVY2A0529,payment,0,1459859,1495143,INR,29902,5382,setl_PYDSHDL5160506,6589329268x870,2026-06-18,2026-06-20,pay_RMCM7FVY2A0529,order_U26JPKT9420528,netbanking,Payment captured
pay_3SX5CGDMLB0532,payment,0,38509,39438,INR,788,141,setl_PYDSHDL5160506,6589329268x870,2026-06-18,2026-06-20,pay_3SX5CGDMLB0532,order_K67MLCDZUP0531,card,Payment captured
pay_D3KP5M0ZJ50535,payment,0,911908,933948,INR,18678,3362,setl_PYDSHDL5160506,6589329268x870,2026-06-18,2026-06-20,pay_D3KP5M0ZJ50535,order_QGR2N0QE670534,upi,Payment captured
pay_97P65TA3RR0538,payment,0,1183113,1211709,INR,24234,4362,setl_PYDSHDL5160506,6589329268x870,2026-06-18,2026-06-20,pay_97P65TA3RR0538,order_2LXQULLQF20537,upi,Payment captured
pay_YURFB6VL5B0541,payment,0,110596,113268,INR,2265,407,setl_PYDSHDL5160506,6589329268x870,2026-06-18,2026-06-20,pay_YURFB6VL5B0541,order_6G47RFA2PJ0540,netbanking,Payment captured
disp_CU3TPFXD8Z0543,dispute,291300,0,141300,INR,150000,0,setl_PYDSHDL5160506,6589329268x870,2026-05-28,2026-06-20,pay_JF09Q2RK3V0449,order_TDS0BTQKX10448,,Chargeback deduction incl. handling fee
pay_5FF1MUEGLT0547,payment,0,125465,128496,INR,2569,462,setl_XRH6PQWYT80545,8216518899i155,2026-06-19,2026-06-21,pay_5FF1MUEGLT0547,order_789H6U4ZEN0546,wallet,Payment captured
pay_W7945VJVLS0550,payment,0,123276,126255,INR,2525,454,setl_XRH6PQWYT80545,8216518899i155,2026-06-19,2026-06-21,pay_W7945VJVLS0550,order_BUNEBQ9X2X0549,emi,Payment captured
pay_4SZMPCWYKZ0553,payment,0,13613191,13942226,INR,278844,50191,setl_XRH6PQWYT80545,8216518899i155,2026-06-19,2026-06-21,pay_4SZMPCWYKZ0553,order_UMMKLRHCWJ0552,card,Payment captured
pay_CJHVB1Q4YF0556,payment,0,198691,203492,INR,4069,732,setl_XRH6PQWYT80545,8216518899i155,2026-06-19,2026-06-21,pay_CJHVB1Q4YF0556,order_8XU6UK4XH60555,upi,Payment captured
pay_0ZAUYYV4FP0559,payment,0,8413962,8617330,INR,172346,31022,setl_XRH6PQWYT80545,8216518899i155,2026-06-19,2026-06-21,pay_0ZAUYYV4FP0559,order_N7W8DZ1K3Z0558,card,Payment captured
pay_RBHT7EZ63S0564,payment,0,212185,217313,INR,4346,782,setl_M5JNM0U7CV0562,6600269620r857,2026-06-20,2026-06-22,pay_RBHT7EZ63S0564,order_AKSV6HU2M70563,wallet,Payment captured
pay_9E8NMGLWWV0567,payment,0,521553,534158,INR,10683,1922,setl_M5JNM0U7CV0562,6600269620r857,2026-06-20,2026-06-22,pay_9E8NMGLWWV0567,order_YLDTZ2YDUU0566,wallet,Payment captured
pay_5EHJB6YVZJ0570,payment,0,242789,248657,INR,4973,895,setl_M5JNM0U7CV0562,6600269620r857,2026-06-20,2026-06-22,pay_5EHJB6YVZJ0570,order_LGPK8QN9H20569,card,Payment captured
pay_GC8D6HSCEV0573,payment,0,63377,64908,INR,1298,233,setl_M5JNM0U7CV0562,6600269620r857,2026-06-20,2026-06-22,pay_GC8D6HSCEV0573,order_JF3HEB63CN0572,netbanking,Payment captured
pay_NULAGP86ZM0576,payment,0,7650806,7835728,INR,156714,28208,setl_M5JNM0U7CV0562,6600269620r857,2026-06-20,2026-06-22,pay_NULAGP86ZM0576,order_YL8R8EGA9P0575,upi,Payment captured
pay_W7H0U5V4Q20579,payment,0,887640,909093,INR,18181,3272,setl_M5JNM0U7CV0562,6600269620r857,2026-06-20,2026-06-22,pay_W7H0U5V4Q20579,order_H5H9J7ZUCF0578,wallet,Payment captured
pay_XN1HQ37TT10582,payment,0,178227,182534,INR,3650,657,setl_M5JNM0U7CV0562,6600269620r857,2026-06-20,2026-06-22,pay_XN1HQ37TT10582,order_FHK11GLEZN0581,netbanking,Payment captured
pay_KVGE975NU70585,payment,0,68747,70408,INR,1408,253,setl_M5JNM0U7CV0562,6600269620r857,2026-06-20,2026-06-22,pay_KVGE975NU70585,order_JBGDE7BM0W0584,netbanking,Payment captured
pay_07H766L8D10588,payment,0,1150304,1178107,INR,23562,4241,setl_M5JNM0U7CV0562,6600269620r857,2026-06-20,2026-06-22,pay_07H766L8D10588,order_5CCMVL73JV0587,netbanking,Payment captured
pay_RRRVFEVHXL0591,payment,0,199602,204425,INR,4088,735,setl_M5JNM0U7CV0562,6600269620r857,2026-06-20,2026-06-22,pay_RRRVFEVHXL0591,order_BX0G3YY2YD0590,emi,Payment captured
pay_XLVZ3N7EPU0594,payment,0,90681,92872,INR,1857,334,setl_M5JNM0U7CV0562,6600269620r857,2026-06-20,2026-06-22,pay_XLVZ3N7EPU0594,order_00WG7GPX780593,emi,Payment captured
rfnd_3PYEV8V3WN0596,refund,141300,0,141300,INR,0,0,setl_M5JNM0U7CV0562,6600269620r857,2026-06-02,2026-06-22,pay_JF09Q2RK3V0449,order_TDS0BTQKX10448,,Full refund
pay_BRV5733CNL0600,payment,0,1088634,1114945,INR,22298,4013,setl_5T3D9NZ5KR0598,7164947890k980,2026-06-21,2026-06-23,pay_BRV5733CNL0600,order_TULSR1RHKN0599,upi,Payment captured
pay_99S7FRHWX00603,payment,0,85937,88013,INR,1760,316,setl_5T3D9NZ5KR0598,7164947890k980,2026-06-21,2026-06-23,pay_99S7FRHWX00603,order_E2ZF1JRH8H0602,netbanking,Payment captured
pay_6ZVBCDRS0V0606,payment,0,358617,367284,INR,7345,1322,setl_5T3D9NZ5KR0598,7164947890k980,2026-06-21,2026-06-23,pay_6ZVBCDRS0V0606,order_7ZHW36RTKZ0605,card,Payment captured
pay_X3GLS8EY2W0609,payment,0,229641,235190,INR,4703,846,setl_5T3D9NZ5KR0598,7164947890k980,2026-06-21,2026-06-23,pay_X3GLS8EY2W0609,order_L4W2CTF7620608,netbanking,Payment captured
pay_MWUNF2ZM100612,payment,0,471039,482423,INR,9648,1736,setl_5T3D9NZ5KR0598,7164947890k980,2026-06-21,2026-06-23,pay_MWUNF2ZM100612,order_LR9J2W46JS0611,wallet,Payment captured
rfnd_3SKFZLHA930614,refund,89609,0,89609,INR,0,0,setl_5T3D9NZ5KR0598,7164947890k980,2026-06-22,2026-06-23,pay_MUCAVGXU590168,order_DFQCM2MC170167,,Partial refund
rfnd_7HQPNTU70J0615,refund,101540,0,101540,INR,0,0,setl_5T3D9NZ5KR0598,7164947890k980,2026-06-22,2026-06-23,pay_ASM28GE8UX0385,order_EFUYYTQN510384,,Partial refund
pay_CAS80V1ZJC0619,payment,0,107826,110431,INR,2208,397,setl_SR4RZ5FA6J0617,9037788528w507,2026-06-22,2026-06-24,pay_CAS80V1ZJC0619,order_3SEGDDXR6Y0618,emi,Payment captured
pay_S9W3LW7K4D0622,payment,0,76319,78163,INR,1563,281,setl_SR4RZ5FA6J0617,9037788528w507,2026-06-22,2026-06-24,pay_S9W3LW7K4D0622,order_HWCJ7TZ3US0621,wallet,Payment captured
pay_YFPUML8TPA0625,payment,0,238793,244564,INR,4891,880,setl_SR4RZ5FA6J0617,9037788528w507,2026-06-22,2026-06-24,pay_YFPUML8TPA0625,order_7C4Y757HKH0624,upi,Payment captured
pay_XC4WJPDUWD0628,payment,0,160768,164653,INR,3293,592,setl_SR4RZ5FA6J0617,9037788528w507,2026-06-22,2026-06-24,pay_XC4WJPDUWD0628,order_GWKBF565TA0627,card,Payment captured
pay_GZ8N7406T30631,payment,0,209184,214239,INR,4284,771,setl_SR4RZ5FA6J0617,9037788528w507,2026-06-22,2026-06-24,pay_GZ8N7406T30631,order_1UKHV73VJY0630,wallet,Payment captured
pay_VKJVR93UDE0634,payment,0,1570186,1608137,INR,32162,5789,setl_SR4RZ5FA6J0617,9037788528w507,2026-06-22,2026-06-24,pay_VKJVR93UDE0634,order_K799FU53F60633,netbanking,Payment captured
pay_VW54SXMPMF0637,payment,0,1818027,1861969,INR,37239,6703,setl_SR4RZ5FA6J0617,9037788528w507,2026-06-22,2026-06-24,pay_VW54SXMPMF0637,order_8BH5MM1CF20636,wallet,Payment captured
pay_HBNBP6KR3N0640,payment,0,1590881,1629332,INR,32586,5865,setl_SR4RZ5FA6J0617,9037788528w507,2026-06-22,2026-06-24,pay_HBNBP6KR3N0640,order_7VZ1VFJJAN0639,wallet,Payment captured
pay_327UC717870643,payment,0,9676395,9910276,INR,198205,35676,setl_SR4RZ5FA6J0617,9037788528w507,2026-06-22,2026-06-24,pay_327UC717870643,order_B4RNU1DXAG0642,upi,Payment captured
pay_F6JMNL7G270647,payment,0,7508559,7690043,INR,153800,27684,setl_7Y43BLUN6Y0645,2881671087q324,2026-06-22,2026-06-24,pay_F6JMNL7G270647,order_5JU02Z6LPU0646,emi,Payment captured
pay_CTK8GD45HG0650,payment,0,25963,26589,INR,531,95,setl_7Y43BLUN6Y0645,2881671087q324,2026-06-22,2026-06-24,pay_CTK8GD45HG0650,order_X3HQHQ7SXY0649,wallet,Payment captured
pay_R6XU8LFTZ20653,payment,0,1264635,1295201,INR,25904,4662,setl_7Y43BLUN6Y0645,2881671087q324,2026-06-22,2026-06-24,pay_R6XU8LFTZ20653,order_GKZXJHN42A0652,wallet,Payment captured
pay_1L3D1CKD9U0656,payment,0,10408082,10659648,INR,213192,38374,setl_7Y43BLUN6Y0645,2881671087q324,2026-06-22,2026-06-24,pay_1L3D1CKD9U0656,order_ZB4KA9EFXW0655,wallet,Payment captured
pay_9UPF8V9XLB0659,payment,0,1358898,1391742,INR,27834,5010,setl_7Y43BLUN6Y0645,2881671087q324,2026-06-22,2026-06-24,pay_9UPF8V9XLB0659,order_4Y1NVFCX0J0658,emi,Payment captured
pay_UJ09RGW9NZ0662,payment,0,21884,22412,INR,448,80,setl_7Y43BLUN6Y0645,2881671087q324,2026-06-22,2026-06-24,pay_UJ09RGW9NZ0662,order_H4VA5XRQYV0661,wallet,Payment captured
pay_2LK8J75J890665,payment,0,29650,30366,INR,607,109,setl_7Y43BLUN6Y0645,2881671087q324,2026-06-22,2026-06-24,pay_2LK8J75J890665,order_Z9191S73470664,upi,Payment captured
pay_BKK2DVUPM70668,payment,0,83790,85814,INR,1716,308,setl_7Y43BLUN6Y0645,2881671087q324,2026-06-22,2026-06-24,pay_BKK2DVUPM70668,order_C9KHZVZVU70667,wallet,Payment captured
pay_TPR4FW1C7B0673,payment,0,418463,428576,INR,8571,1542,setl_0Q1XC4TFLB0671,8333222223r760,2026-06-23,2026-06-25,pay_TPR4FW1C7B0673,order_ND9N68BHMB0672,upi,Payment captured
pay_DWMBDV0GWK0676,payment,0,10827835,11089547,INR,221790,39922,setl_0Q1XC4TFLB0671,8333222223r760,2026-06-23,2026-06-25,pay_DWMBDV0GWK0676,order_LUKMSFKV2L0675,emi,Payment captured
pay_QBTGRJV24F0679,payment,0,1032548,1057505,INR,21150,3807,setl_0Q1XC4TFLB0671,8333222223r760,2026-06-23,2026-06-25,pay_QBTGRJV24F0679,order_HTDW52E6B20678,wallet,Payment captured
pay_8UCLEVF1HJ0682,payment,0,12121147,12414119,INR,248282,44690,setl_0Q1XC4TFLB0671,8333222223r760,2026-06-23,2026-06-25,pay_8UCLEVF1HJ0682,order_ULAD6TS0YP0681,netbanking,Payment captured
pay_1FEB4HY0Y00685,payment,0,127356,130433,INR,2608,469,setl_0Q1XC4TFLB0671,8333222223r760,2026-06-23,2026-06-25,pay_1FEB4HY0Y00685,order_XBJA6AAM270684,netbanking,Payment captured
pay_DW32TH957Z0690,payment,0,505036,517241,INR,10344,1861,setl_PAN1HT87LN0688,3427258822c702,2026-06-24,2026-06-26,pay_DW32TH957Z0690,order_SQ9TNBS5A30689,card,Payment captured
pay_GB63BXSRG60693,payment,0,234934,240612,INR,4812,866,setl_PAN1HT87LN0688,3427258822c702,2026-06-24,2026-06-26,pay_GB63BXSRG60693,order_BQ3ERNLXVE0692,emi,Payment captured
pay_EGDDU01G2Q0696,payment,0,25200,25808,INR,516,92,setl_PAN1HT87LN0688,3427258822c702,2026-06-24,2026-06-26,pay_EGDDU01G2Q0696,order_C0WEJD4DV30695,netbanking,Payment captured
pay_4MRJCDJV380699,payment,0,465261,476506,INR,9530,1715,setl_PAN1HT87LN0688,3427258822c702,2026-06-24,2026-06-26,pay_4MRJCDJV380699,order_GAENJ8SY260698,emi,Payment captured
pay_EXN65XXV2X0702,payment,0,1633029,1672498,INR,33449,6020,setl_PAN1HT87LN0688,3427258822c702,2026-06-24,2026-06-26,pay_EXN65XXV2X0702,order_KDR8D3YNNN0701,emi,Payment captured
pay_BHKU4NZCBN0705,payment,0,132717,135924,INR,2718,489,setl_PAN1HT87LN0688,3427258822c702,2026-06-24,2026-06-26,pay_BHKU4NZCBN0705,order_X0P1MAZAEY0704,upi,Payment captured
pay_J87PF6EL800710,payment,0,895157,916792,INR,18335,3300,setl_RZZL93EHKJ0708,4414061436g645,2026-06-25,2026-06-27,pay_J87PF6EL800710,order_3RCNUKWRDT0709,wallet,Payment captured
pay_30LZSFJFU40713,payment,0,158425,162254,INR,3245,584,setl_RZZL93EHKJ0708,4414061436g645,2026-06-25,2026-06-27,pay_30LZSFJFU40713,order_1CPQN4R1PV0712,wallet,Payment captured
pay_YFU88FTQGH0716,payment,0,215587,220796,INR,4415,794,setl_RZZL93EHKJ0708,4414061436g645,2026-06-25,2026-06-27,pay_YFU88FTQGH0716,order_7WT0BM4QSE0715,card,Payment captured
pay_K1QQP6Q9550719,payment,0,526402,539124,INR,10782,1940,setl_RZZL93EHKJ0708,4414061436g645,2026-06-25,2026-06-27,pay_K1QQP6Q9550719,order_SAVUY11A680718,netbanking,Payment captured
pay_VWBCJKX10P0722,payment,0,233310,238948,INR,4778,860,setl_RZZL93EHKJ0708,4414061436g645,2026-06-25,2026-06-27,pay_VWBCJKX10P0722,order_JVA7YXQ2310721,card,Payment captured
pay_QU9E5DZ9AL0725,payment,0,151188,154841,INR,3096,557,setl_RZZL93EHKJ0708,4414061436g645,2026-06-25,2026-06-27,pay_QU9E5DZ9AL0725,order_MC7BMNE0UP0724,card,Payment captured
pay_AK4E1R9X750728,payment,0,62311,63816,INR,1276,229,setl_RZZL93EHKJ0708,4414061436g645,2026-06-25,2026-06-27,pay_AK4E1R9X750728,order_V36LVN85TN0727,card,Payment captured
pay_UEP72HZEG80731,payment,0,167781,171835,INR,3436,618,setl_RZZL93EHKJ0708,4414061436g645,2026-06-25,2026-06-27,pay_UEP72HZEG80731,order_350MG1CRLT0730,upi,Payment captured
pay_JW575EFR4J0734,payment,0,1627545,1666882,INR,33337,6000,setl_RZZL93EHKJ0708,4414061436g645,2026-06-25,2026-06-27,pay_JW575EFR4J0734,order_50X1N1CASH0733,card,Payment captured
pay_D9G0V4DAD00737,payment,0,205113,210070,INR,4201,756,setl_RZZL93EHKJ0708,4414061436g645,2026-06-25,2026-06-27,pay_D9G0V4DAD00737,order_ATK4YMPCP40736,netbanking,Payment captured
pay_GLSGW0JXMW0742,payment,0,127094,130165,INR,2603,468,setl_P13HQPGYWM0740,5359368511u423,2026-06-26,2026-06-28,pay_GLSGW0JXMW0742,order_QETZCEP2V70741,card,Payment captured
pay_UNK0PCR4XJ0745,payment,0,203923,208851,INR,4177,751,setl_P13HQPGYWM0740,5359368511u423,2026-06-26,2026-06-28,pay_UNK0PCR4XJ0745,order_HVR3RFDJZ70744,card,Payment captured
pay_ENDKPJFMPR0748,payment,0,23508,24075,INR,481,86,setl_P13HQPGYWM0740,5359368511u423,2026-06-26,2026-06-28,pay_ENDKPJFMPR0748,order_RQ09WM4AE70747,emi,Payment captured
pay_4383K6B03F0751,payment,0,82705,84703,INR,1694,304,setl_P13HQPGYWM0740,5359368511u423,2026-06-26,2026-06-28,pay_4383K6B03F0751,order_4NT6FZ10L60750,emi,Payment captured
pay_CZBKS5KSRL0756,payment,0,766782,785315,INR,15706,2827,setl_121Z07VE2C0754,5829594122s266,2026-06-27,2026-06-29,pay_CZBKS5KSRL0756,order_Y87ZD03RR60755,wallet,Payment captured
pay_1VAL7AGE290759,payment,0,87023,89125,INR,1782,320,setl_121Z07VE2C0754,5829594122s266,2026-06-27,2026-06-29,pay_1VAL7AGE290759,order_80V2FGYKTP0758,card,Payment captured
pay_GLFUF0HTEX0762,payment,0,37884,38798,INR,775,139,setl_121Z07VE2C0754,5829594122s266,2026-06-27,2026-06-29,pay_GLFUF0HTEX0762,order_4PMNDMNS240761,upi,Payment captured
pay_XWRZ10DYXG0765,payment,0,212331,217462,INR,4349,782,setl_121Z07VE2C0754,5829594122s266,2026-06-27,2026-06-29,pay_XWRZ10DYXG0765,order_A09T76X3XZ0764,wallet,Payment captured
pay_4Q71FY36G00768,payment,0,1593254,1631763,INR,32635,5874,setl_121Z07VE2C0754,5829594122s266,2026-06-27,2026-06-29,pay_4Q71FY36G00768,order_682NAWBZCW0767,emi,Payment captured
pay_3BLW0TQS6H0771,payment,0,9599629,9831655,INR,196633,35393,setl_121Z07VE2C0754,5829594122s266,2026-06-27,2026-06-29,pay_3BLW0TQS6H0771,order_L4H6RRPLFG0770,card,Payment captured
pay_0AVDN03WZJ0774,payment,0,39279,40227,INR,804,144,setl_121Z07VE2C0754,5829594122s266,2026-06-27,2026-06-29,pay_0AVDN03WZJ0774,order_UFHFXNHZJW0773,wallet,Payment captured
pay_9UUN1GJWDV0779,payment,0,218275,223550,INR,4471,804,setl_P7U0DXKPQD0777,4333061009p844,2026-06-28,2026-06-30,pay_9UUN1GJWDV0779,order_LB1X36Y11E0778,upi,Payment captured
pay_DH8X3K1RCH0782,payment,0,228803,234332,INR,4686,843,setl_P7U0DXKPQD0777,4333061009p844,2026-06-28,2026-06-30,pay_DH8X3K1RCH0782,order_GK03LDGY6M0781,wallet,Payment captured
pay_M063VJGWEM0785,payment,0,40382,41357,INR,827,148,setl_P7U0DXKPQD0777,4333061009p844,2026-06-28,2026-06-30,pay_M063VJGWEM0785,order_HFH78QB6TG0784,card,Payment captured
pay_SCFH8VZL3A0788,payment,0,1667666,1707973,INR,34159,6148,setl_P7U0DXKPQD0777,4333061009p844,2026-06-28,2026-06-30,pay_SCFH8VZL3A0788,order_MA4WHCJPLF0787,netbanking,Payment captured
pay_PYTJ3ESS0L0791,payment,0,1289616,1320785,INR,26415,4754,setl_P7U0DXKPQD0777,4333061009p844,2026-06-28,2026-06-30,pay_PYTJ3ESS0L0791,order_PGCRCNKVPJ0790,netbanking,Payment captured
pay_THH2EXFZXT0794,payment,0,1570515,1608474,INR,32169,5790,setl_P7U0DXKPQD0777,4333061009p844,2026-06-28,2026-06-30,pay_THH2EXFZXT0794,order_8L2KW30BRE0793,card,Payment captured
pay_W0MY16JSA80797,payment,0,233761,239410,INR,4788,861,setl_P7U0DXKPQD0777,4333061009p844,2026-06-28,2026-06-30,pay_W0MY16JSA80797,order_V7G9YUTGDL0796,card,Payment captured
pay_2WFFERFLDF0800,payment,0,100277,102699,INR,2053,369,setl_P7U0DXKPQD0777,4333061009p844,2026-06-28,2026-06-30,pay_2WFFERFLDF0800,order_58UT39QVFV0799,wallet,Payment captured
pay_MEZJ8YD3700803,payment,0,58345,59755,INR,1195,215,setl_P7U0DXKPQD0777,4333061009p844,2026-06-28,2026-06-30,pay_MEZJ8YD3700803,order_A3YR9C4L9Q0802,netbanking,Payment captured
pay_5XVYGAYM1Y0806,payment,0,198570,203369,INR,4067,732,setl_P7U0DXKPQD0777,4333061009p844,2026-06-28,2026-06-30,pay_5XVYGAYM1Y0806,order_1PV8C57DYA0805,upi,Payment captured
pay_7JW180JHGB0811,payment,0,110654,113327,INR,2266,407,setl_TG44LJY3AY0809,4046074294d294,2026-06-29,2026-07-01,pay_7JW180JHGB0811,order_2XCLN6TH270810,wallet,Payment captured
pay_SR3N6G8MNK0814,payment,0,81905,83883,INR,1677,301,setl_TG44LJY3AY0809,4046074294d294,2026-06-29,2026-07-01,pay_SR3N6G8MNK0814,order_7F3RK8MRTH0813,emi,Payment captured
pay_D83DVHTZTY0817,payment,0,230904,236484,INR,4729,851,setl_TG44LJY3AY0809,4046074294d294,2026-06-29,2026-07-01,pay_D83DVHTZTY0817,order_D029VQQX360816,netbanking,Payment captured
pay_AJXZZ9ZRTP0820,payment,0,242200,248053,INR,4961,892,setl_TG44LJY3AY0809,4046074294d294,2026-06-29,2026-07-01,pay_AJXZZ9ZRTP0820,order_G3MS7ZXVHG0819,upi,Payment captured
pay_YZ4H3E62980823,payment,0,12092979,12385270,INR,247705,44586,setl_TG44LJY3AY0809,4046074294d294,2026-06-29,2026-07-01,pay_YZ4H3E62980823,order_XV6NKCJN2S0822,emi,Payment captured
pay_LPA8589SVQ0826,payment,0,397645,407256,INR,8145,1466,setl_TG44LJY3AY0809,4046074294d294,2026-06-29,2026-07-01,pay_LPA8589SVQ0826,order_L48001TPMA0825,netbanking,Payment captured
pay_J2UWDAYQTM0829,payment,0,6382868,6537143,INR,130742,23533,setl_TG44LJY3AY0809,4046074294d294,2026-06-29,2026-07-01,pay_J2UWDAYQTM0829,order_DRPHAYZWFS0828,card,Payment captured
pay_M5MMN7MUBV0832,payment,0,1898062,1943938,INR,38878,6998,setl_TG44LJY3AY0809,4046074294d294,2026-06-29,2026-07-01,pay_M5MMN7MUBV0832,order_1K4Q3ZK6F70831,wallet,Payment captured
pay_CGUG82KAQB0837,payment,0,1913894,1960153,INR,39203,7056,setl_JRFTKAAGXF0835,1868964847p877,2026-06-30,2026-07-02,pay_CGUG82KAQB0837,order_LVX6KRDTHB0836,card,Payment captured
pay_M39XM3KVUY0840,payment,0,5630764,5766861,INR,115337,20760,setl_JRFTKAAGXF0835,1868964847p877,2026-06-30,2026-07-02,pay_M39XM3KVUY0840,order_GUYEXHZFCK0839,card,Payment captured
pay_0YW7362XJR0843,payment,0,194300,198995,INR,3979,716,setl_JRFTKAAGXF0835,1868964847p877,2026-06-30,2026-07-02,pay_0YW7362XJR0843,order_6EH3TKFWJM0842,upi,Payment captured
pay_U5K2RPQDJH0846,payment,0,10402,10651,INR,213,36,setl_JRFTKAAGXF0835,1868964847p877,2026-06-30,2026-07-02,pay_U5K2RPQDJH0846,order_PBZ6JHDYZJ0845,upi,Payment captured
pay_V62X4AUHKD0849,payment,0,45829,46935,INR,938,168,setl_JRFTKAAGXF0835,1868964847p877,2026-06-30,2026-07-02,pay_V62X4AUHKD0849,order_FREA2KM6J90848,netbanking,Payment captured
pay_1ME56W10LD0852,payment,0,1111632,1138500,INR,22770,4098,setl_JRFTKAAGXF0835,1868964847p877,2026-06-30,2026-07-02,pay_1ME56W10LD0852,order_LTF90JP1DQ0851,card,Payment captured
pay_FC6CDWFVAY0855,payment,0,148285,151868,INR,3037,546,setl_JRFTKAAGXF0835,1868964847p877,2026-06-30,2026-07-02,pay_FC6CDWFVAY0855,order_GEPAVNNCRT0854,wallet,Payment captured
pay_5FFQPKL8990858,payment,0,1275258,1306080,INR,26121,4701,setl_JRFTKAAGXF0835,1868964847p877,2026-06-30,2026-07-02,pay_5FFQPKL8990858,order_G8KB06CULK0857,card,Payment captured
pay_5WLULETZYF0861,payment,0,11894219,12181707,INR,243634,43854,setl_JRFTKAAGXF0835,1868964847p877,2026-06-30,2026-07-02,pay_5WLULETZYF0861,order_EK7GAKVF7G0860,upi,Payment captured
pay_84SCDRAKGU0864,payment,0,83030,85037,INR,1700,307,setl_JRFTKAAGXF0835,1868964847p877,2026-06-30,2026-07-02,pay_84SCDRAKGU0864,order_12J4Z8WZF20863,wallet,Payment captured
pay_EWX7P6HT5C0867,payment,0,1919678,1966077,INR,39321,7078,setl_JRFTKAAGXF0835,1868964847p877,2026-06-30,2026-07-02,pay_EWX7P6HT5C0867,order_5GFMG13N1X0866,wallet,Payment captured
pay_FV429PSMDF0870,payment,0,63800,65341,INR,1306,235,setl_JRFTKAAGXF0835,1868964847p877,2026-06-30,2026-07-02,pay_FV429PSMDF0870,order_B3TSMFKET10869,wallet,Payment captured
pay_K7WH2S9A4J0873,payment,0,187020,191539,INR,3830,689,setl_JRFTKAAGXF0835,1868964847p877,2026-06-30,2026-07-02,pay_K7WH2S9A4J0873,order_0ANEKWWAK50872,card,Payment captured
pay_8CU2PQ50HN0878,payment,0,82166,84151,INR,1683,302,setl_9XHM53ZML30876,6933769301v805,2026-07-01,2026-07-03,pay_8CU2PQ50HN0878,order_GFGFB2G7G40877,netbanking,Payment captured
pay_Z9WXL3R1N10881,payment,0,178261,182569,INR,3651,657,setl_9XHM53ZML30876,6933769301v805,2026-07-01,2026-07-03,pay_Z9WXL3R1N10881,order_SV2RA2CABK0880,card,Payment captured
pay_B3AKBF0BJ50884,payment,0,214733,219922,INR,4398,791,setl_9XHM53ZML30876,6933769301v805,2026-07-01,2026-07-03,pay_B3AKBF0BJ50884,order_J8H1SLWPFF0883,netbanking,Payment captured
pay_FE7ZP1G7B20887,payment,0,46466,47588,INR,951,171,setl_9XHM53ZML30876,6933769301v805,2026-07-01,2026-07-03,pay_FE7ZP1G7B20887,order_BGH5HGKUSM0886,netbanking,Payment captured
pay_NBB98KPZHP0890,payment,0,55401,56739,INR,1134,204,setl_9XHM53ZML30876,6933769301v805,2026-07-01,2026-07-03,pay_NBB98KPZHP0890,order_CHXY6AL9SH0889,upi,Payment captured
pay_T1GVLP73430893,payment,0,150826,154471,INR,3089,556,setl_9XHM53ZML30876,6933769301v805,2026-07-01,2026-07-03,pay_T1GVLP73430893,order_U57381NSMN0892,card,Payment captured
pay_3MYREPZZKW0896,payment,0,1291185,1322392,INR,26447,4760,setl_9XHM53ZML30876,6933769301v805,2026-07-01,2026-07-03,pay_3MYREPZZKW0896,order_S2U9Y1BHMW0895,wallet,Payment captured
pay_ND77CT2HH40899,payment,0,63975,65520,INR,1310,235,setl_9XHM53ZML30876,6933769301v805,2026-07-01,2026-07-03,pay_ND77CT2HH40899,order_9PGTE23WWN0898,card,Payment captured
pay_TWY1FW7D1V0902,payment,0,1068919,1094755,INR,21895,3941,setl_9XHM53ZML30876,6933769301v805,2026-07-01,2026-07-03,pay_TWY1FW7D1V0902,order_C9CXBE6G2V0901,upi,Payment captured
pay_HDVESX0TLJ0905,payment,0,13216547,13535995,INR,270719,48729,setl_9XHM53ZML30876,6933769301v805,2026-07-01,2026-07-03,pay_HDVESX0TLJ0905,order_3QLFNZADSC0904,card,Payment captured
pay_RPEE7DPAP50908,payment,0,1598154,1636781,INR,32735,5892,setl_9XHM53ZML30876,6933769301v805,2026-07-01,2026-07-03,pay_RPEE7DPAP50908,order_7TW6QFSUFY0907,wallet,Payment captured
pay_ET3LVGK5GH0911,payment,0,1277169,1308037,INR,26160,4708,setl_9XHM53ZML30876,6933769301v805,2026-07-01,2026-07-03,pay_ET3LVGK5GH0911,order_GJQZ048N1N0910,netbanking,Payment captured
pay_D4TZGD03NU0914,payment,0,150521,154158,INR,3083,554,setl_9XHM53ZML30876,6933769301v805,2026-07-01,2026-07-03,pay_D4TZGD03NU0914,order_FY3PK1838X0913,card,Payment captured
pay_11GQT7PLPY0917,payment,0,5549797,5683937,INR,113678,20462,setl_9XHM53ZML30876,6933769301v805,2026-07-01,2026-07-03,pay_11GQT7PLPY0917,order_HDCTREGTQ10916,netbanking,Payment captured
pay_7YS7SZ5AYV0922,payment,0,839270,859555,INR,17191,3094,setl_MSELAY6A7R0920,3029665156b938,2026-07-02,2026-07-04,pay_7YS7SZ5AYV0922,order_Q98LKGGVX40921,card,Payment captured
pay_9MSYX12TVN0925,payment,0,17579,18001,INR,360,62,setl_MSELAY6A7R0920,3029665156b938,2026-07-02,2026-07-04,pay_9MSYX12TVN0925,order_R3ZPFN0GT40924,wallet,Payment captured
pay_A5CPUHD7VA0928,payment,0,4362993,4468450,INR,89369,16088,setl_MSELAY6A7R0920,3029665156b938,2026-07-02,2026-07-04,pay_A5CPUHD7VA0928,order_5K9ULV7UEU0927,upi,Payment captured
pay_31GSVVM3WJ0931,payment,0,536189,549146,INR,10982,1975,setl_MSELAY6A7R0920,3029665156b938,2026-07-02,2026-07-04,pay_31GSVVM3WJ0931,order_N3FUQC6YR00930,emi,Payment captured
pay_6XDH8DP9K70936,payment,0,216348,221576,INR,4431,797,setl_B2FJVR8ZJU0934,8924675684e512,2026-07-03,2026-07-05,pay_6XDH8DP9K70936,order_95DFDTGXGU0935,upi,Payment captured
pay_1DHV16MRS40939,payment,0,234884,240560,INR,4811,865,setl_B2FJVR8ZJU0934,8924675684e512,2026-07-03,2026-07-05,pay_1DHV16MRS40939,order_H9GRPG6B840938,wallet,Payment captured
pay_KBU5H0AVC40942,payment,0,83754,85777,INR,1715,308,setl_B2FJVR8ZJU0934,8924675684e512,2026-07-03,2026-07-05,pay_KBU5H0AVC40942,order_G7ZT10G5230941,emi,Payment captured
pay_TV1E606M890945,payment,0,240682,246498,INR,4929,887,setl_B2FJVR8ZJU0934,8924675684e512,2026-07-03,2026-07-05,pay_TV1E606M890945,order_908EMKYX5J0944,upi,Payment captured
pay_SHCE4ZBMWG0948,payment,0,1266771,1297388,INR,25947,4670,setl_B2FJVR8ZJU0934,8924675684e512,2026-07-03,2026-07-05,pay_SHCE4ZBMWG0948,order_6WQRGM02ED0947,card,Payment captured
pay_2EXM97NP680951,payment,0,1132915,1160296,INR,23205,4176,setl_B2FJVR8ZJU0934,8924675684e512,2026-07-03,2026-07-05,pay_2EXM97NP680951,order_9NFBGPCJAZ0950,emi,Payment captured
pay_ELUER98V1D0954,payment,0,39851,40813,INR,816,146,setl_B2FJVR8ZJU0934,8924675684e512,2026-07-03,2026-07-05,pay_ELUER98V1D0954,order_7QDXBQUS0Y0953,upi,Payment captured
pay_6JTCGC78QY0957,payment,0,149698,153315,INR,3066,551,setl_B2FJVR8ZJU0934,8924675684e512,2026-07-03,2026-07-05,pay_6JTCGC78QY0957,order_XDR7ECYE2F0956,emi,Payment captured
pay_NX3DRQFAQ20960,payment,0,108755,111382,INR,2227,400,setl_B2FJVR8ZJU0934,8924675684e512,2026-07-03,2026-07-05,pay_NX3DRQFAQ20960,order_0J33JH4HZY0959,upi,Payment captured
pay_7YQ4VZUR9T0963,payment,0,163859,167819,INR,3356,604,setl_B2FJVR8ZJU0934,8924675684e512,2026-07-03,2026-07-05,pay_7YQ4VZUR9T0963,order_RUJ16HEESP0962,card,Payment captured
pay_HB7CTT0VFD0966,payment,0,1310920,1342605,INR,26852,4833,setl_B2FJVR8ZJU0934,8924675684e512,2026-07-03,2026-07-05,pay_HB7CTT0VFD0966,order_QVPHZKCR450965,wallet,Payment captured
pay_33DG0U539S0969,payment,0,120006,122906,INR,2458,442,setl_B2FJVR8ZJU0934,8924675684e512,2026-07-03,2026-07-05,pay_33DG0U539S0969,order_DVCYBXSPBX0968,emi,Payment captured
pay_SM45B4A5CY0972,payment,0,155839,159605,INR,3192,574,setl_B2FJVR8ZJU0934,8924675684e512,2026-07-03,2026-07-05,pay_SM45B4A5CY0972,order_1CTZTSAHVW0971,netbanking,Payment captured
pay_M84WCQDSSB0975,payment,0,809550,829116,INR,16582,2984,setl_B2FJVR8ZJU0934,8924675684e512,2026-07-03,2026-07-05,pay_M84WCQDSSB0975,order_S7JQMKDQHC0974,upi,Payment captured
disp_PWZ2E3UKBW0977,dispute,254352,0,104352,INR,150000,0,setl_B2FJVR8ZJU0934,8924675684e512,2026-05-08,2026-07-05,pay_W874F0U5KL0400,order_SYB2HYNMUY0399,,Chargeback deduction incl. handling fee
pay_94WTNURXRZ0981,payment,0,1573466,1611496,INR,32229,5801,setl_KBGPW88YP00979,9729948493x253,2026-07-04,2026-07-06,pay_94WTNURXRZ0981,order_FEQ82H9D690980,emi,Payment captured
pay_SUXWHF228K0984,payment,0,243775,249666,INR,4993,898,setl_KBGPW88YP00979,9729948493x253,2026-07-04,2026-07-06,pay_SUXWHF228K0984,order_Z6Q42QJR2J0983,upi,Payment captured
pay_J1RUHXXGCE0987,payment,0,18389,18832,INR,376,67,setl_KBGPW88YP00979,9729948493x253,2026-07-04,2026-07-06,pay_J1RUHXXGCE0987,order_3BLEJ8903Y0986,upi,Payment captured
pay_V7XD9983UW0990,payment,0,11660,11940,INR,238,42,setl_KBGPW88YP00979,9729948493x253,2026-07-04,2026-07-06,pay_V7XD9983UW0990,order_Z50W4M8TGQ0989,upi,Payment captured
pay_QTKGP8LBCN0993,payment,0,52052,53309,INR,1066,191,setl_KBGPW88YP00979,9729948493x253,2026-07-04,2026-07-06,pay_QTKGP8LBCN0993,order_HUT74QLUSG0992,wallet,Payment captured
pay_FQEWL8XT580996,payment,0,37724,38634,INR,772,138,setl_KBGPW88YP00979,9729948493x253,2026-07-04,2026-07-06,pay_FQEWL8XT580996,order_H437SFJTHY0995,card,Payment captured
pay_NF9PA3E7PM0999,payment,0,105960,108520,INR,2170,390,setl_KBGPW88YP00979,9729948493x253,2026-07-04,2026-07-06,pay_NF9PA3E7PM0999,order_QNS6K7M7UJ0998,card,Payment captured
pay_24WR3HM5WH1002,payment,0,1611888,1650846,INR,33016,5942,setl_KBGPW88YP00979,9729948493x253,2026-07-04,2026-07-06,pay_24WR3HM5WH1002,order_771Y6UGQHU1001,emi,Payment captured
pay_SDT7QXCV421005,payment,0,227484,232981,INR,4659,838,setl_KBGPW88YP00979,9729948493x253,2026-07-04,2026-07-06,pay_SDT7QXCV421005,order_2DWSW214311004,netbanking,Payment captured
pay_LZX2PRACB91008,payment,0,14514650,14865474,INR,297309,53515,setl_KBGPW88YP00979,9729948493x253,2026-07-04,2026-07-06,pay_LZX2PRACB91008,order_ED9PZNL1QU1007,card,Payment captured
pay_8R0B71ZG4Q1013,payment,0,177588,181879,INR,3637,654,setl_2BAKG1NVW31011,5395606770i569,2026-07-05,2026-07-07,pay_8R0B71ZG4Q1013,order_60U3FQ2T6U1012,upi,Payment captured
pay_7S2VXKCW2A1016,payment,0,52989,54269,INR,1085,195,setl_2BAKG1NVW31011,5395606770i569,2026-07-05,2026-07-07,pay_7S2VXKCW2A1016,order_P7RFK169QD1015,emi,Payment captured
pay_LN4HC37L971019,payment,0,1745176,1787357,INR,35747,6434,setl_2BAKG1NVW31011,5395606770i569,2026-07-05,2026-07-07,pay_LN4HC37L971019,order_FG3E0JAL9H1018,netbanking,Payment captured
pay_PXJL96AW2M1022,payment,0,1005076,1029368,INR,20587,3705,setl_2BAKG1NVW31011,5395606770i569,2026-07-05,2026-07-07,pay_PXJL96AW2M1022,order_LKU9PZ9S651021,upi,Payment captured
pay_VZ1SNEKGPT1025,payment,0,129633,132765,INR,2655,477,setl_2BAKG1NVW31011,5395606770i569,2026-07-05,2026-07-07,pay_VZ1SNEKGPT1025,order_LEYQYANTU31024,card,Payment captured
pay_J8436WV8HR1028,payment,0,69006,70673,INR,1413,254,setl_2BAKG1NVW31011,5395606770i569,2026-07-05,2026-07-07,pay_J8436WV8HR1028,order_PFKKL6AWED1027,emi,Payment captured
pay_BZ5Y3PN0ZM1031,payment,0,584250,598371,INR,11967,2154,setl_2BAKG1NVW31011,5395606770i569,2026-07-05,2026-07-07,pay_BZ5Y3PN0ZM1031,order_TK347SH3YM1030,netbanking,Payment captured
disp_8ATCT61CST1033,dispute,1272317,0,1122317,INR,150000,0,setl_2BAKG1NVW31011,5395606770i569,2026-05-08,2026-07-07,pay_GGQ0NN9RM20428,order_ZDT9CEVEP90427,,Chargeback deduction incl. handling fee
pay_8KTFM4CTN81037,payment,0,925286,947649,INR,18952,3411,setl_KMJF2HD4DW1035,7631788070g770,2026-07-06,2026-07-08,pay_8KTFM4CTN81037,order_WLZ9A12DEN1036,emi,Payment captured
pay_Z5FRVNJVD01040,payment,0,3397006,3479112,INR,69582,12524,setl_KMJF2HD4DW1035,7631788070g770,2026-07-06,2026-07-08,pay_Z5FRVNJVD01040,order_HFMFMWBLAP1039,card,Payment captured
pay_C0KP3YUPX81043,payment,0,6201351,6351239,INR,127024,22864,setl_KMJF2HD4DW1035,7631788070g770,2026-07-06,2026-07-08,pay_C0KP3YUPX81043,order_4SF7YZY94L1042,emi,Payment captured
pay_AL26XXGMYV1046,payment,0,625836,640962,INR,12819,2307,setl_KMJF2HD4DW1035,7631788070g770,2026-07-06,2026-07-08,pay_AL26XXGMYV1046,order_6J5WZ0CWGY1045,netbanking,Payment captured
pay_T1BL8LV9NJ1049,payment,0,1474625,1510266,INR,30205,5436,setl_KMJF2HD4DW1035,7631788070g770,2026-07-06,2026-07-08,pay_T1BL8LV9NJ1049,order_X61VCQ8G231048,wallet,Payment captured
pay_RKZA6LYG611052,payment,0,47418,48563,INR,971,174,setl_KMJF2HD4DW1035,7631788070g770,2026-07-06,2026-07-08,pay_RKZA6LYG611052,order_NMVVFMRP3F1051,wallet,Payment captured
pay_ZX8A1EQJ7N1055,payment,0,823986,843902,INR,16878,3038,setl_KMJF2HD4DW1035,7631788070g770,2026-07-06,2026-07-08,pay_ZX8A1EQJ7N1055,order_31EY7BQMRZ1054,netbanking,Payment captured
pay_FYG1ALWJ801058,payment,0,182508,186918,INR,3738,672,setl_KMJF2HD4DW1035,7631788070g770,2026-07-06,2026-07-08,pay_FYG1ALWJ801058,order_6CS2ML19G51057,emi,Payment captured
pay_KAXSN853D51061,payment,0,1166100,1194284,INR,23885,4299,setl_KMJF2HD4DW1035,7631788070g770,2026-07-06,2026-07-08,pay_KAXSN853D51061,order_8Z6XZHM30F1060,netbanking,Payment captured
pay_CHYC1RMFGJ1064,payment,0,1814314,1858166,INR,37163,6689,setl_KMJF2HD4DW1035,7631788070g770,2026-07-06,2026-07-08,pay_CHYC1RMFGJ1064,order_BTMUY2B4WV1063,upi,Payment captured
pay_MSF3HNSV8R1067,payment,0,19467,19936,INR,398,71,setl_KMJF2HD4DW1035,7631788070g770,2026-07-06,2026-07-08,pay_MSF3HNSV8R1067,order_KG08FXV31B1066,emi,Payment captured
pay_5WGQQBWQEU1070,payment,0,56062,57416,INR,1148,206,setl_KMJF2HD4DW1035,7631788070g770,2026-07-06,2026-07-08,pay_5WGQQBWQEU1070,order_UTA2PB2JTT1069,wallet,Payment captured
pay_FP9ZVUW45B1073,payment,0,228346,233864,INR,4677,841,setl_KMJF2HD4DW1035,7631788070g770,2026-07-06,2026-07-08,pay_FP9ZVUW45B1073,order_7PL0S1CF7Y1072,emi,Payment captured
pay_G0222NBQJ81078,payment,0,128409,131512,INR,2630,473,setl_12YP2TWZGW1076,7582073468h979,2026-07-07,2026-07-09,pay_G0222NBQJ81078,order_U4LM1UAX5M1077,emi,Payment captured
pay_WJUEBP55R41081,payment,0,1583507,1621780,INR,32435,5838,setl_12YP2TWZGW1076,7582073468h979,2026-07-07,2026-07-09,pay_WJUEBP55R41081,order_08NL5ZRM6N1080,upi,Payment captured
pay_6DU1CZ18431084,payment,0,1640652,1680307,INR,33606,6049,setl_12YP2TWZGW1076,7582073468h979,2026-07-07,2026-07-09,pay_6DU1CZ18431084,order_2960E2SHB41083,card,Payment captured
pay_4X4STCJK9U1087,payment,0,674284,690580,INR,13811,2485,setl_12YP2TWZGW1076,7582073468h979,2026-07-07,2026-07-09,pay_4X4STCJK9U1087,order_SGXE57RSXU1086,netbanking,Payment captured
pay_ASZ8916LYK1090,payment,0,215763,220977,INR,4419,795,setl_12YP2TWZGW1076,7582073468h979,2026-07-07,2026-07-09,pay_ASZ8916LYK1090,order_JKU0SQBPVK1089,wallet,Payment captured
pay_Y75A9QNZC11093,payment,0,273244,279847,INR,5596,1007,setl_12YP2TWZGW1076,7582073468h979,2026-07-07,2026-07-09,pay_Y75A9QNZC11093,order_EXQVPQKTHN1092,card,Payment captured
pay_EJ9VDPQR651096,payment,0,198931,203738,INR,4074,733,setl_12YP2TWZGW1076,7582073468h979,2026-07-07,2026-07-09,pay_EJ9VDPQR651096,order_MRQ5MCTTFN1095,card,Payment captured
pay_S2T7MX868U1099,payment,0,160522,164401,INR,3288,591,setl_12YP2TWZGW1076,7582073468h979,2026-07-07,2026-07-09,pay_S2T7MX868U1099,order_P7VA3H4N5A1098,wallet,Payment captured
pay_XMNGQPV8VW1102,payment,0,238331,244090,INR,4881,878,setl_12YP2TWZGW1076,7582073468h979,2026-07-07,2026-07-09,pay_XMNGQPV8VW1102,order_867LME3VG41101,card,Payment captured
pay_ZKVXYW4V311105,payment,0,1493425,1529521,INR,30590,5506,setl_12YP2TWZGW1076,7582073468h979,2026-07-07,2026-07-09,pay_ZKVXYW4V311105,order_LW962TQS6V1104,card,Payment captured
rfnd_UZBW30WNP81107,refund,174246,0,174246,INR,0,0,setl_12YP2TWZGW1076,7582073468h979,2026-06-26,2026-07-09,pay_5XCFEDMSEQ0350,order_EPP3GP3EKB0349,,Full refund
pay_9UBJEWZ4PM1111,payment,0,208096,213125,INR,4262,767,setl_7RT0DGDXTZ1109,2220781469p237,2026-07-08,2026-07-10,pay_9UBJEWZ4PM1111,order_2KKVNF4RWS1110,card,Payment captured
pay_C8W7UXEEFH1114,payment,0,114809,117583,INR,2351,423,setl_7RT0DGDXTZ1109,2220781469p237,2026-07-08,2026-07-10,pay_C8W7UXEEFH1114,order_317D9D8ZB31113,card,Payment captured
pay_BAQW3KSQW51117,payment,0,393633,403146,INR,8062,1451,setl_7RT0DGDXTZ1109,2220781469p237,2026-07-08,2026-07-10,pay_BAQW3KSQW51117,order_MX593B1UA01116,emi,Payment captured
pay_3TQPYBJ4H01120,payment,0,324887,332738,INR,6654,1197,setl_7RT0DGDXTZ1109,2220781469p237,2026-07-08,2026-07-10,pay_3TQPYBJ4H01120,order_JYEWWQPNVL1119,wallet,Payment captured
pay_W2NPF8Z6S81123,payment,0,499339,511408,INR,10228,1841,setl_7RT0DGDXTZ1109,2220781469p237,2026-07-08,2026-07-10,pay_W2NPF8Z6S81123,order_FM89HLPH7Y1122,netbanking,Payment captured
pay_LB7PV1ZSWB1128,payment,0,167735,171788,INR,3435,618,setl_KRMAJ9KJ6C1126,9852706965z314,2026-07-09,2026-07-11,pay_LB7PV1ZSWB1128,order_2L2MM9KMZH1127,card,Payment captured
pay_JAV66SJWZG1131,payment,0,13491,13816,INR,276,49,setl_KRMAJ9KJ6C1126,9852706965z314,2026-07-09,2026-07-11,pay_JAV66SJWZG1131,order_YQF2EH65241130,upi,Payment captured
pay_TJW3ZKC0DN1134,payment,0,822154,842025,INR,16840,3031,setl_KRMAJ9KJ6C1126,9852706965z314,2026-07-09,2026-07-11,pay_TJW3ZKC0DN1134,order_GRQSMVX5991133,wallet,Payment captured
pay_XMSX75GX9S1137,payment,0,628545,643736,INR,12874,2317,setl_KRMAJ9KJ6C1126,9852706965z314,2026-07-09,2026-07-11,pay_XMSX75GX9S1137,order_14P5S4HT8X1136,emi,Payment captured
pay_KQBNY9K99D1140,payment,0,502718,514868,INR,10297,1853,setl_KRMAJ9KJ6C1126,9852706965z314,2026-07-09,2026-07-11,pay_KQBNY9K99D1140,order_YV43F8M18N1139,emi,Payment captured
pay_5WJVAESVPE1143,payment,0,11939899,12228490,INR,244569,44022,setl_KRMAJ9KJ6C1126,9852706965z314,2026-07-09,2026-07-11,pay_5WJVAESVPE1143,order_3NTD1U09261142,wallet,Payment captured
pay_KTWAH9V9G61146,payment,0,753094,771295,INR,15425,2776,setl_KRMAJ9KJ6C1126,9852706965z314,2026-07-09,2026-07-11,pay_KTWAH9V9G61146,order_YEQTJ1HKP41145,wallet,Payment captured
pay_ZR732DGTTS1149,payment,0,767180,785722,INR,15714,2828,setl_KRMAJ9KJ6C1126,9852706965z314,2026-07-09,2026-07-11,pay_ZR732DGTTS1149,order_H53L7UQ9GF1148,emi,Payment captured
pay_GHRZ21CY451152,payment,0,160960,164849,INR,3296,593,setl_KRMAJ9KJ6C1126,9852706965z314,2026-07-09,2026-07-11,pay_GHRZ21CY451152,order_3TG7090CGG1151,netbanking,Payment captured
pay_5SLPW1YM7F1155,payment,0,2417613,2476046,INR,49520,8913,setl_KRMAJ9KJ6C1126,9852706965z314,2026-07-09,2026-07-11,pay_5SLPW1YM7F1155,order_5SYYYRT4DW1154,card,Payment captured
pay_HNV8UM1ENF1158,payment,0,658033,673937,INR,13478,2426,setl_KRMAJ9KJ6C1126,9852706965z314,2026-07-09,2026-07-11,pay_HNV8UM1ENF1158,order_S7YX4ZLLWB1157,netbanking,Payment captured
pay_QRQ4PKAURB1161,payment,0,412442,422410,INR,8448,1520,setl_KRMAJ9KJ6C1126,9852706965z314,2026-07-09,2026-07-11,pay_QRQ4PKAURB1161,order_WQ4CRKTB7Q1160,netbanking,Payment captured
pay_JG86WGQYQ51164,payment,0,783776,802719,INR,16054,2889,setl_KRMAJ9KJ6C1126,9852706965z314,2026-07-09,2026-07-11,pay_JG86WGQYQ51164,order_3ZZRWYEJWR1163,emi,Payment captured
pay_J1P4VVXQ821167,payment,0,955873,978976,INR,19579,3524,setl_KRMAJ9KJ6C1126,9852706965z314,2026-07-09,2026-07-11,pay_J1P4VVXQ821167,order_6KEYETSB731166,card,Payment captured
rfnd_MMB7HXFG101169,refund,1095733,0,1095733,INR,0,0,setl_KRMAJ9KJ6C1126,9852706965z314,2026-06-29,2026-07-11,pay_7BG12CAFV80329,order_RF544F74WH0328,,Full refund
pay_0VBZEMN7MP1173,payment,0,234730,240403,INR,4808,865,setl_S7FMS1NQYF1171,6754054331y196,2026-07-10,2026-07-12,pay_0VBZEMN7MP1173,order_DDZGLA9AAW1172,upi,Payment captured
pay_NKX504HEXR1176,payment,0,1344901,1377407,INR,27548,4958,setl_S7FMS1NQYF1171,6754054331y196,2026-07-10,2026-07-12,pay_NKX504HEXR1176,order_HVUGYM9LG71175,emi,Payment captured
pay_NU3130F7B71179,payment,0,142724,146173,INR,2923,526,setl_S7FMS1NQYF1171,6754054331y196,2026-07-10,2026-07-12,pay_NU3130F7B71179,order_FW991NUWJ41178,card,Payment captured
pay_389M8ZCPG51182,payment,0,6983814,7152615,INR,143052,25749,setl_S7FMS1NQYF1171,6754054331y196,2026-07-10,2026-07-12,pay_389M8ZCPG51182,order_MWDBDV0NYD1181,card,Payment captured
pay_KKRS3VPT2A1185,payment,0,3858450,3951710,INR,79034,14226,setl_S7FMS1NQYF1171,6754054331y196,2026-07-10,2026-07-12,pay_KKRS3VPT2A1185,order_UARXM0QZ1C1184,wallet,Payment captured
pay_S1UUUSGH1N1188,payment,0,186150,190648,INR,3812,686,setl_S7FMS1NQYF1171,6754054331y196,2026-07-10,2026-07-12,pay_S1UUUSGH1N1188,order_QEHHL7EMWL1187,card,Payment captured
pay_8NPWCAKXSM1191,payment,0,108995,111628,INR,2232,401,setl_S7FMS1NQYF1171,6754054331y196,2026-07-10,2026-07-12,pay_8NPWCAKXSM1191,order_MFER3Z4K4C1190,card,Payment captured
pay_WDHE29BLWZ1194,payment,0,59410,60844,INR,1216,218,setl_S7FMS1NQYF1171,6754054331y196,2026-07-10,2026-07-12,pay_WDHE29BLWZ1194,order_X4B4ER9ULK1193,card,Payment captured
pay_Y56K5ZQKUM1197,payment,0,316168,323809,INR,6476,1165,setl_S7FMS1NQYF1171,6754054331y196,2026-07-10,2026-07-12,pay_Y56K5ZQKUM1197,order_EB60U04R7S1196,wallet,Payment captured
pay_405ZXW1J9P1200,payment,0,1352904,1385604,INR,27712,4988,setl_S7FMS1NQYF1171,6754054331y196,2026-07-10,2026-07-12,pay_405ZXW1J9P1200,order_Q1JYP122541199,wallet,Payment captured
pay_3M4BP0MTK11203,payment,0,37476,38381,INR,767,138,setl_S7FMS1NQYF1171,6754054331y196,2026-07-10,2026-07-12,pay_3M4BP0MTK11203,order_4V2DNPXL091202,upi,Payment captured
pay_KPVEZW46XM1206,payment,0,1855531,1900379,INR,38007,6841,setl_S7FMS1NQYF1171,6754054331y196,2026-07-10,2026-07-12,pay_KPVEZW46XM1206,order_EFBADXFWYN1205,emi,Payment captured
rfnd_6TRHK4GCJ01208,refund,549146,0,549146,INR,0,0,setl_S7FMS1NQYF1171,6754054331y196,2026-06-17,2026-07-12,pay_31GSVVM3WJ0931,order_N3FUQC6YR00930,,Full refund
pay_B7WLDRVS431212,payment,0,214259,219436,INR,4388,789,setl_YXFZEMJV1K1210,8018933340j828,2026-07-11,2026-07-13,pay_B7WLDRVS431212,order_7B2LZSN8T91211,netbanking,Payment captured
pay_2XJYSN7UTF1215,payment,0,241189,247018,INR,4940,889,setl_YXFZEMJV1K1210,8018933340j828,2026-07-11,2026-07-13,pay_2XJYSN7UTF1215,order_600CT0XZ831214,card,Payment captured
pay_GHDJNFMFFA1218,payment,0,49086,50271,INR,1005,180,setl_YXFZEMJV1K1210,8018933340j828,2026-07-11,2026-07-13,pay_GHDJNFMFFA1218,order_RFEAAXEK5X1217,card,Payment captured
pay_NSKNHENMWQ1221,payment,0,1258307,1288720,INR,25774,4639,setl_YXFZEMJV1K1210,8018933340j828,2026-07-11,2026-07-13,pay_NSKNHENMWQ1221,order_M6UD4M8AFM1220,card,Payment captured
pay_F4AFWZESW41224,payment,0,177278,181562,INR,3631,653,setl_YXFZEMJV1K1210,8018933340j828,2026-07-11,2026-07-13,pay_F4AFWZESW41224,order_SULEDE7YD31223,upi,Payment captured
pay_N7733L7DYG1229,payment,0,48036,49195,INR,983,176,setl_BJW0K1ZA3M1227,5063223480g197,2026-07-12,2026-07-14,pay_N7733L7DYG1229,order_TXNB71LVTQ1228,wallet,Payment captured
pay_JZ6EB4Z2RP1232,payment,0,88504,90642,INR,1812,326,setl_BJW0K1ZA3M1227,5063223480g197,2026-07-12,2026-07-14,pay_JZ6EB4Z2RP1232,order_LXV3HJ9UXZ1231,emi,Payment captured
pay_WF975TE40N1235,payment,0,5702911,5840752,INR,116815,21026,setl_BJW0K1ZA3M1227,5063223480g197,2026-07-12,2026-07-14,pay_WF975TE40N1235,order_RR76BW8G0K1234,emi,Payment captured
pay_98UR03AVSP1238,payment,0,47067,48204,INR,964,173,setl_BJW0K1ZA3M1227,5063223480g197,2026-07-12,2026-07-14,pay_98UR03AVSP1238,order_TW7WNNHUDN1237,wallet,Payment captured
pay_JKG9LRFZYX1243,payment,0,93265,95518,INR,1910,343,setl_JWBHDW6ZKW1241,9699307064n761,2026-07-13,2026-07-15,pay_JKG9LRFZYX1243,order_CUWC8DJ7EE1242,card,Payment captured
pay_Q6CCQQKJ8W1246,payment,0,32567,33354,INR,667,120,setl_JWBHDW6ZKW1241,9699307064n761,2026-07-13,2026-07-15,pay_Q6CCQQKJ8W1246,order_P4LHSQRDBD1245,upi,Payment captured
pay_PKAUTZ80LN1249,payment,0,18883,19338,INR,386,69,setl_JWBHDW6ZKW1241,9699307064n761,2026-07-13,2026-07-15,pay_PKAUTZ80LN1249,order_PQ7AYFZ8L11248,wallet,Payment captured
pay_VPVZ5DQSP81252,payment,0,1577963,1616102,INR,32322,5817,setl_JWBHDW6ZKW1241,9699307064n761,2026-07-13,2026-07-15,pay_VPVZ5DQSP81252,order_81PMHC0GPN1251,wallet,Payment captured
pay_ATAV40LGDZ1255,payment,0,11811264,12096746,INR,241934,43548,setl_JWBHDW6ZKW1241,9699307064n761,2026-07-13,2026-07-15,pay_ATAV40LGDZ1255,order_L76UREGABD1254,upi,Payment captured
pay_5TTB6EKPE11258,payment,0,76913,78771,INR,1575,283,setl_JWBHDW6ZKW1241,9699307064n761,2026-07-13,2026-07-15,pay_5TTB6EKPE11258,order_5PHB6MAHFR1257,upi,Payment captured
pay_C37QDUZFZ51261,payment,0,6553037,6711426,INR,134228,24161,setl_JWBHDW6ZKW1241,9699307064n761,2026-07-13,2026-07-15,pay_C37QDUZFZ51261,order_U6NTBTNR4A1260,netbanking,Payment captured
pay_Y54LCX8KXL1264,payment,0,98596,100978,INR,2019,363,setl_JWBHDW6ZKW1241,9699307064n761,2026-07-13,2026-07-15,pay_Y54LCX8KXL1264,order_UK72Z3FSJX1263,emi,Payment captured
pay_QY2GQ5KNA81267,payment,0,150559,154196,INR,3083,554,setl_JWBHDW6ZKW1241,9699307064n761,2026-07-13,2026-07-15,pay_QY2GQ5KNA81267,order_LQX7HWZ1911266,card,Payment captured
disp_BBUHPMEES41269,dispute,12589739,0,12439739,INR,150000,0,setl_JWBHDW6ZKW1241,9699307064n761,2026-06-18,2026-07-15,pay_0WP5WX0T2S0041,order_B1BF3J5MDS0040,,Chargeback deduction incl. handling fee
pay_RG50XR6CWV1273,payment,0,1646436,1686230,INR,33724,6070,setl_6C7C7WYBS61271,5715903364w701,2026-07-14,2026-07-16,pay_RG50XR6CWV1273,order_7B0C7F6SFF1272,emi,Payment captured
pay_CUX3HKEN671276,payment,0,79989,81921,INR,1638,294,setl_6C7C7WYBS61271,5715903364w701,2026-07-14,2026-07-16,pay_CUX3HKEN671276,order_0DSH97M4UL1275,emi,Payment captured
pay_3B9ZG26CT31279,payment,0,712467,729686,INR,14593,2626,setl_6C7C7WYBS61271,5715903364w701,2026-07-14,2026-07-16,pay_3B9ZG26CT31279,order_4HGLJJB47Z1278,card,Payment captured
pay_HCQNKVJ1AZ1282,payment,0,51131,52366,INR,1047,188,setl_6C7C7WYBS61271,5715903364w701,2026-07-14,2026-07-16,pay_HCQNKVJ1AZ1282,order_FMN4ZS6EM21281,netbanking,Payment captured
pay_KJ8KE68ELR1285,payment,0,9822187,10059592,INR,201191,36214,setl_6C7C7WYBS61271,5715903364w701,2026-07-14,2026-07-16,pay_KJ8KE68ELR1285,order_PN666PGM0E1284,upi,Payment captured
pay_9U7E3B2EFK1288,payment,0,195619,200346,INR,4006,721,setl_6C7C7WYBS61271,5715903364w701,2026-07-14,2026-07-16,pay_9U7E3B2EFK1288,order_Z14QJ682LR1287,wallet,Payment captured
pay_TU8QWWRNYV1291,payment,0,108491,111112,INR,2222,399,setl_6C7C7WYBS61271,5715903364w701,2026-07-14,2026-07-16,pay_TU8QWWRNYV1291,order_J6XF7X9EST1290,card,Payment captured
pay_M7ZR16T5XK1294,payment,0,984304,1008093,INR,20161,3628,setl_6C7C7WYBS61271,5715903364w701,2026-07-14,2026-07-16,pay_M7ZR16T5XK1294,order_WP59MHURPX1293,wallet,Payment captured
pay_30WHJMHZDC1297,payment,0,150609,154248,INR,3084,555,setl_6C7C7WYBS61271,5715903364w701,2026-07-14,2026-07-16,pay_30WHJMHZDC1297,order_T82NTD37G61296,upi,Payment captured
pay_BWQL0PBLFT1300,payment,0,169477,173572,INR,3471,624,setl_6C7C7WYBS61271,5715903364w701,2026-07-14,2026-07-16,pay_BWQL0PBLFT1300,order_TU3RQQTYRK1299,card,Payment captured
pay_44K00BTP731303,payment,0,10478,10730,INR,214,38,setl_6C7C7WYBS61271,5715903364w701,2026-07-14,2026-07-16,pay_44K00BTP731303,order_RV304PQGF21302,card,Payment captured
pay_UQ06BRE4B01306,payment,0,1474649,1510290,INR,30205,5436,setl_6C7C7WYBS61271,5715903364w701,2026-07-14,2026-07-16,pay_UQ06BRE4B01306,order_0L1PPWY1TR1305,netbanking,Payment captured
pay_0ZDQFLFDSF1309,payment,0,78551,80448,INR,1608,289,setl_6C7C7WYBS61271,5715903364w701,2026-07-14,2026-07-16,pay_0ZDQFLFDSF1309,order_ZS6LLQ99NC1308,wallet,Payment captured
disp_L9EQFDMU631311,dispute,1645143,0,1495143,INR,150000,0,setl_6C7C7WYBS61271,5715903364w701,2026-06-16,2026-07-16,pay_RMCM7FVY2A0529,order_U26JPKT9420528,,Chargeback deduction incl. handling fee
pay_LCE0JAU5971315,payment,0,49573,50770,INR,1015,182,setl_MKMRAWLT8B1313,4843300753m238,2026-07-15,2026-07-17,pay_LCE0JAU5971315,order_JRZT5R5MHR1314,card,Payment captured
pay_VZBW7NBP3K1318,payment,0,137575,140900,INR,2818,507,setl_MKMRAWLT8B1313,4843300753m238,2026-07-15,2026-07-17,pay_VZBW7NBP3K1318,order_JCPEZVH2001317,wallet,Payment captured
pay_UZDY503EUY1321,payment,0,192136,196779,INR,3935,708,setl_MKMRAWLT8B1313,4843300753m238,2026-07-15,2026-07-17,pay_UZDY503EUY1321,order_5ZP5J2DRKG1320,card,Payment captured
pay_1X5YWUZD9H1324,payment,0,35595,36455,INR,729,131,setl_MKMRAWLT8B1313,4843300753m238,2026-07-15,2026-07-17,pay_1X5YWUZD9H1324,order_KTDB8P9ZB41323,wallet,Payment captured
pay_CVAJN2N2K31327,payment,0,1544783,1582120,INR,31642,5695,setl_MKMRAWLT8B1313,4843300753m238,2026-07-15,2026-07-17,pay_CVAJN2N2K31327,order_TKKNF0T1QC1326,wallet,Payment captured
pay_9K9TRQB36T1330,payment,0,4665603,4778372,INR,95567,17202,setl_MKMRAWLT8B1313,4843300753m238,2026-07-15,2026-07-17,pay_9K9TRQB36T1330,order_7HF5XZ6SXW1329,emi,Payment captured
pay_URLXLW0FGF1335,payment,0,104468,106992,INR,2139,385,setl_XVFRL6EWD31333,2856146197n584,2026-07-16,2026-07-18,pay_URLXLW0FGF1335,order_HVR771P13R1334,card,Payment captured
pay_CANL17GTU91338,payment,0,84259,86294,INR,1725,310,setl_XVFRL6EWD31333,2856146197n584,2026-07-16,2026-07-18,pay_CANL17GTU91338,order_ZYFCLVXGCF1337,emi,Payment captured
pay_12RVWPR5KK1341,payment,0,82281,84269,INR,1685,303,setl_XVFRL6EWD31333,2856146197n584,2026-07-16,2026-07-18,pay_12RVWPR5KK1341,order_C1XL64Y8VU1340,netbanking,Payment captured
pay_ZL1NYEDCS01344,payment,0,1652328,1692265,INR,33845,6092,setl_XVFRL6EWD31333,2856146197n584,2026-07-16,2026-07-18,pay_ZL1NYEDCS01344,order_WR632HVP6C1343,emi,Payment captured
pay_9N3C5U5CUX1349,payment,0,36439,37319,INR,746,134,setl_R87TNM2CAZ1347,8350257640z729,2026-07-17,2026-07-19,pay_9N3C5U5CUX1349,order_68NPKX8T911348,netbanking,Payment captured
pay_4R1A3DET2B1352,payment,0,176566,180832,INR,3616,650,setl_R87TNM2CAZ1347,8350257640z729,2026-07-17,2026-07-19,pay_4R1A3DET2B1352,order_CQS1SA9QCQ1351,card,Payment captured
pay_LUS2L3PLZG1355,payment,0,60925,62396,INR,1247,224,setl_R87TNM2CAZ1347,8350257640z729,2026-07-17,2026-07-19,pay_LUS2L3PLZG1355,order_A3FXR6BGJS1354,card,Payment captured
pay_FYM0NSBFEL1358,payment,0,125178,128203,INR,2564,461,setl_R87TNM2CAZ1347,8350257640z729,2026-07-17,2026-07-19,pay_FYM0NSBFEL1358,order_XH858H6TFY1357,wallet,Payment captured
pay_WZNCC4NAYB1361,payment,0,140824,144227,INR,2884,519,setl_R87TNM2CAZ1347,8350257640z729,2026-07-17,2026-07-19,pay_WZNCC4NAYB1361,order_1PLN6EQ7501360,emi,Payment captured
pay_UCGDVJS0KT1364,payment,0,1458128,1493371,INR,29867,5376,setl_R87TNM2CAZ1347,8350257640z729,2026-07-17,2026-07-19,pay_UCGDVJS0KT1364,order_J67XHCWRV31363,upi,Payment captured
pay_XWHMPFQDTV1367,payment,0,82654,84651,INR,1693,304,setl_R87TNM2CAZ1347,8350257640z729,2026-07-17,2026-07-19,pay_XWHMPFQDTV1367,order_WMFJ9GZHGS1366,netbanking,Payment captured
pay_SLRFXLMGB61370,payment,0,524408,537082,INR,10741,1933,setl_R87TNM2CAZ1347,8350257640z729,2026-07-17,2026-07-19,pay_SLRFXLMGB61370,order_EGAG6C6Z1G1369,wallet,Payment captured
pay_UTRH2S7AH11373,payment,0,24863,25463,INR,509,91,setl_R87TNM2CAZ1347,8350257640z729,2026-07-17,2026-07-19,pay_UTRH2S7AH11373,order_3P0N9UYJ121372,upi,Payment captured
rfnd_E1JPTHAPHA1375,refund,101540,0,101540,INR,0,0,setl_R87TNM2CAZ1347,8350257640z729,2026-07-18,2026-07-19,pay_ASM28GE8UX0385,order_EFUYYTQN510384,,Partial refund
rfnd_GXP4KKHZW21376,refund,836249,0,836249,INR,0,0,setl_R87TNM2CAZ1347,8350257640z729,2026-07-18,2026-07-19,pay_EXN65XXV2X0702,order_KDR8D3YNNN0701,,Partial refund
pay_5YVQ4NT60T1380,payment,0,37930,38845,INR,776,139,setl_77T3DSA35L1378,9845881653o636,2026-07-18,2026-07-20,pay_5YVQ4NT60T1380,order_UKUTM3A69E1379,emi,Payment captured
pay_BEGRUSR9M71383,payment,0,46702,47830,INR,956,172,setl_77T3DSA35L1378,9845881653o636,2026-07-18,2026-07-20,pay_BEGRUSR9M71383,order_HTZ9SGT9V11382,card,Payment captured
pay_RWCXY6RX7Q1386,payment,0,88076,90204,INR,1804,324,setl_77T3DSA35L1378,9845881653o636,2026-07-18,2026-07-20,pay_RWCXY6RX7Q1386,order_3STN1YG06N1385,wallet,Payment captured
pay_SA2HT4PFXR1389,payment,0,198721,203523,INR,4070,732,setl_77T3DSA35L1378,9845881653o636,2026-07-18,2026-07-20,pay_SA2HT4PFXR1389,order_EG4JQPPZGC1388,card,Payment captured
pay_LBGBTNMLQC1392,payment,0,921352,943620,INR,18872,3396,setl_77T3DSA35L1378,9845881653o636,2026-07-18,2026-07-20,pay_LBGBTNMLQC1392,order_GF8QTA3YY41391,emi,Payment captured
pay_LZCM2GFLPE1395,payment,0,39838,40800,INR,816,146,setl_77T3DSA35L1378,9845881653o636,2026-07-18,2026-07-20,pay_LZCM2GFLPE1395,order_PZV3KEL60A1394,wallet,Payment captured
pay_D9MQJRD8ER1399,payment,0,146719,150264,INR,3005,540,setl_LP43M4TWSP1397,4588976489g515,2026-07-18,2026-07-20,pay_D9MQJRD8ER1399,order_5FHJDQH61J1398,wallet,Payment captured
pay_W5LTXBCABB1402,payment,0,224133,229550,INR,4591,826,setl_LP43M4TWSP1397,4588976489g515,2026-07-18,2026-07-20,pay_W5LTXBCABB1402,order_PJQF9K4E3F1401,emi,Payment captured
pay_LFK6U79EKM1405,payment,0,361323,370056,INR,7401,1332,setl_LP43M4TWSP1397,4588976489g515,2026-07-18,2026-07-20,pay_LFK6U79EKM1405,order_BKYW0H8UUS1404,upi,Payment captured
pay_9K10HR2KT81408,payment,0,22171,22706,INR,454,81,setl_LP43M4TWSP1397,4588976489g515,2026-07-18,2026-07-20,pay_9K10HR2KT81408,order_ASR0YXFZ9T1407,wallet,Payment captured
pay_TDH1S9H9AS1411,payment,0,62885,64404,INR,1288,231,setl_LP43M4TWSP1397,4588976489g515,2026-07-18,2026-07-20,pay_TDH1S9H9AS1411,order_R25YB9MJED1410,upi,Payment captured
pay_LBR2JZ93PG1414,payment,0,71667,73398,INR,1467,264,setl_LP43M4TWSP1397,4588976489g515,2026-07-18,2026-07-20,pay_LBR2JZ93PG1414,order_KEK1UL9V2V1413,netbanking,Payment captured
pay_RPPPYN9SWH1419,payment,0,222218,227588,INR,4551,819,setl_F60V2TU8981417,5762969204h669,2026-07-19,2026-07-21,pay_RPPPYN9SWH1419,order_TXJ5DXCUDU1418,emi,Payment captured
pay_2CEF87W0G51422,payment,0,60504,61966,INR,1239,223,setl_F60V2TU8981417,5762969204h669,2026-07-19,2026-07-21,pay_2CEF87W0G51422,order_RFN7PJ1WQC1421,netbanking,Payment captured
pay_H2AP1ZYJDE1425,payment,0,473468,484911,INR,9698,1745,setl_F60V2TU8981417,5762969204h669,2026-07-19,2026-07-21,pay_H2AP1ZYJDE1425,order_J9AR0X67SU1424,emi,Payment captured
pay_R4TXX2EFSC1428,payment,0,224176,229593,INR,4591,826,setl_F60V2TU8981417,5762969204h669,2026-07-19,2026-07-21,pay_R4TXX2EFSC1428,order_BJ2NLLP8KE1427,wallet,Payment captured
pay_9PZ01FB0K51431,payment,0,212061,217185,INR,4343,781,setl_F60V2TU8981417,5762969204h669,2026-07-19,2026-07-21,pay_9PZ01FB0K51431,order_C9GHJ3BCND1430,wallet,Payment captured
pay_CHRVA94NXV1434,payment,0,56611,57978,INR,1159,208,setl_F60V2TU8981417,5762969204h669,2026-07-19,2026-07-21,pay_CHRVA94NXV1434,order_3G773KP9SU1433,upi,Payment captured
pay_4SL120U5F91437,payment,0,104515,107040,INR,2140,385,setl_F60V2TU8981417,5762969204h669,2026-07-19,2026-07-21,pay_4SL120U5F91437,order_4BD8ZEUUMB1436,emi,Payment captured
pay_D2B6K1H52B1440,payment,0,1410205,1444289,INR,28885,5199,setl_F60V2TU8981417,5762969204h669,2026-07-19,2026-07-21,pay_D2B6K1H52B1440,order_NMNGMQUK311439,emi,Payment captured
pay_K1YK3TF00Y1443,payment,0,239277,245060,INR,4901,882,setl_F60V2TU8981417,5762969204h669,2026-07-19,2026-07-21,pay_K1YK3TF00Y1443,order_BUAY2HK3XB1442,netbanking,Payment captured
pay_CBL6QAA8311446,payment,0,1780709,1823748,INR,36474,6565,setl_F60V2TU8981417,5762969204h669,2026-07-19,2026-07-21,pay_CBL6QAA8311446,order_HSNT1KRV8T1445,emi,Payment captured
pay_WD52M9N42K1449,payment,0,220403,225729,INR,4514,812,setl_F60V2TU8981417,5762969204h669,2026-07-19,2026-07-21,pay_WD52M9N42K1449,order_BDE09DTFUE1448,wallet,Payment captured
pay_60DLESB19S1452,payment,0,192501,197153,INR,3943,709,setl_F60V2TU8981417,5762969204h669,2026-07-19,2026-07-21,pay_60DLESB19S1452,order_4J12JJYBF71451,card,Payment captured
pay_WDK1U8CG3T1457,payment,0,8111850,8307916,INR,166158,29908,setl_FLA0HQ3R8W1455,5863433166p659,2026-07-20,2026-07-22,pay_WDK1U8CG3T1457,order_HNP4EUVSDL1456,card,Payment captured
pay_GNS92LX74Q1460,payment,0,14089956,14430515,INR,288610,51949,setl_FLA0HQ3R8W1455,5863433166p659,2026-07-20,2026-07-22,pay_GNS92LX74Q1460,order_78LMEALF7M1459,card,Payment captured
pay_R19KAZA0KF1463,payment,0,1164817,1192970,INR,23859,4294,setl_FLA0HQ3R8W1455,5863433166p659,2026-07-20,2026-07-22,pay_R19KAZA0KF1463,order_B731H56D171462,netbanking,Payment captured
pay_15CTR3UBLJ1466,payment,0,124152,127152,INR,2543,457,setl_FLA0HQ3R8W1455,5863433166p659,2026-07-20,2026-07-22,pay_15CTR3UBLJ1466,order_GS1KE9MEJW1465,emi,Payment captured
pay_FYMR1406NM1469,payment,0,197905,202687,INR,4053,729,setl_FLA0HQ3R8W1455,5863433166p659,2026-07-20,2026-07-22,pay_FYMR1406NM1469,order_8EFUY485C41468,emi,Payment captured
pay_W9A1MRZDTB1472,payment,0,169292,173383,INR,3467,624,setl_FLA0HQ3R8W1455,5863433166p659,2026-07-20,2026-07-22,pay_W9A1MRZDTB1472,order_387KJW9N7C1471,emi,Payment captured
pay_JYUMRJT1QN1475,payment,0,200733,205583,INR,4111,739,setl_FLA0HQ3R8W1455,5863433166p659,2026-07-20,2026-07-22,pay_JYUMRJT1QN1475,order_XZTSM9151N1474,card,Payment captured
pay_Q8G1ZZB79S1478,payment,0,7577322,7760468,INR,155209,27937,setl_FLA0HQ3R8W1455,5863433166p659,2026-07-20,2026-07-22,pay_Q8G1ZZB79S1478,order_0LL1QQX9ZG1477,netbanking,Payment captured
pay_RTCFZP1VFW1481,payment,0,489774,501611,INR,10032,1805,setl_FLA0HQ3R8W1455,5863433166p659,2026-07-20,2026-07-22,pay_RTCFZP1VFW1481,order_8EH66LDN9X1480,emi,Payment captured
pay_TKGUFCYM501484,payment,0,1918141,1964503,INR,39290,7072,setl_FLA0HQ3R8W1455,5863433166p659,2026-07-20,2026-07-22,pay_TKGUFCYM501484,order_269GR34WCB1483,card,Payment captured
pay_8244TVLJ7X1487,payment,0,141295,144709,INR,2894,520,setl_FLA0HQ3R8W1455,5863433166p659,2026-07-20,2026-07-22,pay_8244TVLJ7X1487,order_9Y1LJX32DW1486,card,Payment captured
pay_VZQQERJHWW1490,payment,0,166922,170956,INR,3419,615,setl_FLA0HQ3R8W1455,5863433166p659,2026-07-20,2026-07-22,pay_VZQQERJHWW1490,order_HF3XBJACCK1489,emi,Payment captured
pay_7Q344U2KAJ1493,payment,0,1640595,1680247,INR,33604,6048,setl_FLA0HQ3R8W1455,5863433166p659,2026-07-20,2026-07-22,pay_7Q344U2KAJ1493,order_GUVU99007K1492,emi,Payment captured
pay_ZT6J0KCWKF1498,payment,0,1071406,1097302,INR,21946,3950,setl_0AF9R2S7LP1496,7284336415a645,2026-07-21,2026-07-23,pay_ZT6J0KCWKF1498,order_9F5MMY65WS1497,wallet,Payment captured
pay_P2LG3WEVRK1501,payment,0,126683,129743,INR,2594,466,setl_0AF9R2S7LP1496,7284336415a645,2026-07-21,2026-07-23,pay_P2LG3WEVRK1501,order_PN4PMBWMMK1500,upi,Payment captured
pay_S7HM44AMM41504,payment,0,174659,178879,INR,3577,643,setl_0AF9R2S7LP1496,7284336415a645,2026-07-21,2026-07-23,pay_S7HM44AMM41504,order_57QL1URBXS1503,wallet,Payment captured
pay_1DNMCCS7591507,payment,0,1918063,1964422,INR,39288,7071,setl_0AF9R2S7LP1496,7284336415a645,2026-07-21,2026-07-23,pay_1DNMCCS7591507,order_WJ9RJKBGJZ1506,emi,Payment captured
pay_5EYLPFBKLY1510,payment,0,25249,25859,INR,517,93,setl_0AF9R2S7LP1496,7284336415a645,2026-07-21,2026-07-23,pay_5EYLPFBKLY1510,order_CNBTVR0FWH1509,upi,Payment captured
pay_HPLH525JDH1513,payment,0,1206698,1235864,INR,24717,4449,setl_0AF9R2S7LP1496,7284336415a645,2026-07-21,2026-07-23,pay_HPLH525JDH1513,order_FP7FHK1DKK1512,emi,Payment captured
rfnd_4JX94RNPCU1515,refund,247018,0,247018,INR,0,0,setl_0AF9R2S7LP1496,7284336415a645,2026-07-17,2026-07-23,pay_2XJYSN7UTF1215,order_600CT0XZ831214,,Full refund
pay_APYJ7BGQ5H1519,payment,0,44128,45193,INR,903,162,setl_KUMGFUB19J1517,9254622145a690,2026-07-22,2026-07-24,pay_APYJ7BGQ5H1519,order_KU0JBNZY0E1518,card,Payment captured
pay_6Q7TDLD4F31522,payment,0,775175,793911,INR,15878,2858,setl_KUMGFUB19J1517,9254622145a690,2026-07-22,2026-07-24,pay_6Q7TDLD4F31522,order_EKBK6D3HZL1521,netbanking,Payment captured
pay_174Z3VEZ4Y1525,payment,0,230827,236406,INR,4728,851,setl_KUMGFUB19J1517,9254622145a690,2026-07-22,2026-07-24,pay_174Z3VEZ4Y1525,order_LAQUCRDHBZ1524,wallet,Payment captured
pay_G41TF7L39C1528,payment,0,37966,38882,INR,777,139,setl_KUMGFUB19J1517,9254622145a690,2026-07-22,2026-07-24,pay_G41TF7L39C1528,order_CDH8HCPB2Q1527,upi,Payment captured
pay_FDUZ9T7VN11531,payment,0,59704,61145,INR,1222,219,setl_KUMGFUB19J1517,9254622145a690,2026-07-22,2026-07-24,pay_FDUZ9T7VN11531,order_8C24GRD5QX1530,wallet,Payment captured
pay_L4S313KFYE1534,payment,0,119597,122486,INR,2449,440,setl_KUMGFUB19J1517,9254622145a690,2026-07-22,2026-07-24,pay_L4S313KFYE1534,order_S7BPHAXNN11533,wallet,Payment captured
pay_BSRETAWREW1537,payment,0,94218,96494,INR,1929,347,setl_KUMGFUB19J1517,9254622145a690,2026-07-22,2026-07-24,pay_BSRETAWREW1537,order_BEHD475HSC1536,card,Payment captured
pay_KP7UD76TRQ1540,payment,0,650897,666628,INR,13332,2399,setl_KUMGFUB19J1517,9254622145a690,2026-07-22,2026-07-24,pay_KP7UD76TRQ1540,order_54H20UG20G1539,upi,Payment captured
pay_GF2DLBSGFR1543,payment,0,784916,803886,INR,16077,2893,setl_KUMGFUB19J1517,9254622145a690,2026-07-22,2026-07-24,pay_GF2DLBSGFR1543,order_L3JBP5D85L1542,emi,Payment captured
pay_Y98Q48Z4AM1546,payment,0,12788790,13097899,INR,261957,47152,setl_KUMGFUB19J1517,9254622145a690,2026-07-22,2026-07-24,pay_Y98Q48Z4AM1546,order_8BE1SVJLH41545,card,Payment captured
pay_8K516DTCYQ1549,payment,0,31456,32215,INR,644,115,setl_KUMGFUB19J1517,9254622145a690,2026-07-22,2026-07-24,pay_8K516DTCYQ1549,order_V1FFL87TL31548,card,Payment captured
pay_2U00RS3BT41552,payment,0,182232,186635,INR,3732,671,setl_KUMGFUB19J1517,9254622145a690,2026-07-22,2026-07-24,pay_2U00RS3BT41552,order_QX0YG51MUC1551,card,Payment captured
pay_QC3JS16K941555,payment,0,100677,103110,INR,2062,371,setl_KUMGFUB19J1517,9254622145a690,2026-07-22,2026-07-24,pay_QC3JS16K941555,order_R2TJA8QT181554,netbanking,Payment captured
pay_MRCSW8G1XB1558,payment,0,1472062,1507641,INR,30152,5427,setl_KUMGFUB19J1517,9254622145a690,2026-07-22,2026-07-24,pay_MRCSW8G1XB1558,order_LP2GQP62AX1557,netbanking,Payment captured
pay_WDHHJMD6ZR1564,payment,0,753919,772140,INR,15442,2779,setl_T29GQWM10S1562,7639654460t779,2026-07-23,2026-07-25,pay_WDHHJMD6ZR1564,order_14V80VFWXS1563,emi,Payment captured
pay_WZD07ADBVJ1567,payment,0,207085,212089,INR,4241,763,setl_T29GQWM10S1562,7639654460t779,2026-07-23,2026-07-25,pay_WZD07ADBVJ1567,order_1P2WR2JG8S1566,wallet,Payment captured
pay_4XB4VWQN8B1570,payment,0,22465,23007,INR,460,82,setl_T29GQWM10S1562,7639654460t779,2026-07-23,2026-07-25,pay_4XB4VWQN8B1570,order_W3SLAVW3Z71569,netbanking,Payment captured
pay_HMKUM4366V1573,payment,0,355069,363649,INR,7272,1308,setl_T29GQWM10S1562,7639654460t779,2026-07-23,2026-07-25,pay_HMKUM4366V1573,order_G1XYQDA3LM1572,upi,Payment captured
pay_167JNFMY4A1576,payment,0,242773,248639,INR,4972,894,setl_T29GQWM10S1562,7639654460t779,2026-07-23,2026-07-25,pay_167JNFMY4A1576,order_8S90DAAG691575,card,Payment captured
pay_YLZS8MVJHQ1579,payment,0,145007,148511,INR,2970,534,setl_T29GQWM10S1562,7639654460t779,2026-07-23,2026-07-25,pay_YLZS8MVJHQ1579,order_SQ6XQ3Y0D51578,netbanking,Payment captured
pay_7F441PRUL71582,payment,0,129256,132379,INR,2647,476,setl_T29GQWM10S1562,7639654460t779,2026-07-23,2026-07-25,pay_7F441PRUL71582,order_XKNEHJNK4U1581,upi,Payment captured
pay_KTQXQVACG81585,payment,0,1036596,1061649,INR,21232,3821,setl_T29GQWM10S1562,7639654460t779,2026-07-23,2026-07-25,pay_KTQXQVACG81585,order_RCSXNC0QW81584,card,Payment captured
pay_4GAWRHK5881588,payment,0,74781,76587,INR,1531,275,setl_T29GQWM10S1562,7639654460t779,2026-07-23,2026-07-25,pay_4GAWRHK5881588,order_ZSS3DPZE6P1587,emi,Payment captured
pay_SMTJPQ4L9R1591,payment,0,1225628,1255251,INR,25105,4518,setl_T29GQWM10S1562,7639654460t779,2026-07-23,2026-07-25,pay_SMTJPQ4L9R1591,order_GT4JS0QCF01590,emi,Payment captured
pay_ABE90530HC1594,payment,0,345207,353549,INR,7070,1272,setl_T29GQWM10S1562,7639654460t779,2026-07-23,2026-07-25,pay_ABE90530HC1594,order_PLKHCHAMQM1593,wallet,Payment captured
pay_2JNWV2WGCA1597,payment,0,835391,855581,INR,17111,3079,setl_T29GQWM10S1562,7639654460t779,2026-07-23,2026-07-25,pay_2JNWV2WGCA1597,order_DRUWRF8D6T1596,wallet,Payment captured
pay_UK01L05A9Q1602,payment,0,1455253,1490426,INR,29808,5365,setl_A1ZVFFQUA41600,7621352858d508,2026-07-24,2026-07-26,pay_UK01L05A9Q1602,order_T6C9AZN32N1601,emi,Payment captured
pay_3Y59M0AVFA1605,payment,0,102584,105063,INR,2101,378,setl_A1ZVFFQUA41600,7621352858d508,2026-07-24,2026-07-26,pay_3Y59M0AVFA1605,order_5E50BRJBFJ1604,wallet,Payment captured
pay_F1J3TMLK6X1608,payment,0,190391,194991,INR,3899,701,setl_A1ZVFFQUA41600,7621352858d508,2026-07-24,2026-07-26,pay_F1J3TMLK6X1608,order_FJ7U0MEGKT1607,netbanking,Payment captured
pay_ABDE1QX2TD1611,payment,0,222992,228381,INR,4567,822,setl_A1ZVFFQUA41600,7621352858d508,2026-07-24,2026-07-26,pay_ABDE1QX2TD1611,order_CW38JAKJZ71610,netbanking,Payment captured
pay_2E0ZA6EDYD1614,payment,0,32438,33220,INR,664,118,setl_A1ZVFFQUA41600,7621352858d508,2026-07-24,2026-07-26,pay_2E0ZA6EDYD1614,order_799MLS4RFJ1613,wallet,Payment captured
pay_E3WAA6SF8V1617,payment,0,234936,240616,INR,4812,868,setl_A1ZVFFQUA41600,7621352858d508,2026-07-24,2026-07-26,pay_E3WAA6SF8V1617,order_CZQ4DJNCC51616,card,Payment captured
pay_PECSXCKY1Q1620,payment,0,815457,835165,INR,16703,3005,setl_A1ZVFFQUA41600,7621352858d508,2026-07-24,2026-07-26,pay_PECSXCKY1Q1620,order_6H2F8K6NVF1619,netbanking,Payment captured
pay_QSV8NVMWQ01623,payment,0,554084,567475,INR,11349,2042,setl_A1ZVFFQUA41600,7621352858d508,2026-07-24,2026-07-26,pay_QSV8NVMWQ01623,order_29D1T3C34N1622,upi,Payment captured
pay_XWGC7VBGQG1626,payment,0,124588,127598,INR,2551,459,setl_A1ZVFFQUA41600,7621352858d508,2026-07-24,2026-07-26,pay_XWGC7VBGQG1626,order_XYFZ1LPMAC1625,wallet,Payment captured
pay_AFJM4WYDAL1629,payment,0,354640,363211,INR,7264,1307,setl_A1ZVFFQUA41600,7621352858d508,2026-07-24,2026-07-26,pay_AFJM4WYDAL1629,order_MLB1ZQWTFM1628,wallet,Payment captured
pay_5DYZBQEDA11632,payment,0,1508807,1545274,INR,30905,5562,setl_A1ZVFFQUA41600,7621352858d508,2026-07-24,2026-07-26,pay_5DYZBQEDA11632,order_XC4UC7G4NJ1631,upi,Payment captured
pay_YYRZXKCZ0E1635,payment,0,1121335,1148437,INR,22968,4134,setl_A1ZVFFQUA41600,7621352858d508,2026-07-24,2026-07-26,pay_YYRZXKCZ0E1635,order_C8UEEVGQXM1634,emi,Payment captured
pay_UVZQBA17501638,payment,0,122092,125042,INR,2500,450,setl_A1ZVFFQUA41600,7621352858d508,2026-07-24,2026-07-26,pay_UVZQBA17501638,order_6SCR68TJPN1637,card,Payment captured
pay_MFL3VL1CQR1643,payment,0,110151,112813,INR,2256,406,setl_GEACC2CYRA1641,2087815852a255,2026-07-25,2026-07-27,pay_MFL3VL1CQR1643,order_4QJAUX5X4W1642,netbanking,Payment captured
pay_MN3LGLEY9H1646,payment,0,128269,131368,INR,2627,472,setl_GEACC2CYRA1641,2087815852a255,2026-07-25,2026-07-27,pay_MN3LGLEY9H1646,order_BJA4HFYLQA1645,card,Payment captured
pay_XR6PE0K86M1649,payment,0,94725,97014,INR,1940,349,setl_GEACC2CYRA1641,2087815852a255,2026-07-25,2026-07-27,pay_XR6PE0K86M1649,order_FW56LG09CD1648,card,Payment captured
pay_T7TPJ9HE2Z1652,payment,0,55133,56465,INR,1129,203,setl_GEACC2CYRA1641,2087815852a255,2026-07-25,2026-07-27,pay_T7TPJ9HE2Z1652,order_PUJQJKDSFT1651,card,Payment captured
pay_8F2XD2S1NA1655,payment,0,511493,523855,INR,10477,1885,setl_GEACC2CYRA1641,2087815852a255,2026-07-25,2026-07-27,pay_8F2XD2S1NA1655,order_47YJGRZNCJ1654,card,Payment captured
pay_KF81ZZDVUS1660,payment,0,23969,24547,INR,490,88,setl_PHBSRTE01L1658,4730756217d529,2026-07-26,2026-07-28,pay_KF81ZZDVUS1660,order_Z1Z215C0Q11659,netbanking,Payment captured
pay_FUKSP2JXWT1663,payment,0,175328,179565,INR,3591,646,setl_PHBSRTE01L1658,4730756217d529,2026-07-26,2026-07-28,pay_FUKSP2JXWT1663,order_0L5NJL0J3H1662,netbanking,Payment captured
pay_MZDZRQRSNC1666,payment,0,13603421,13932220,INR,278644,50155,setl_PHBSRTE01L1658,4730756217d529,2026-07-26,2026-07-28,pay_MZDZRQRSNC1666,order_F0SQNXRJU51665,netbanking,Payment captured
pay_R3Z6T1080E1669,payment,0,1837921,1882343,INR,37646,6776,setl_PHBSRTE01L1658,4730756217d529,2026-07-26,2026-07-28,pay_R3Z6T1080E1669,order_0T7X51TXNZ1668,emi,Payment captured
pay_01V4MHRA5T1672,payment,0,260317,266608,INR,5332,959,setl_PHBSRTE01L1658,4730756217d529,2026-07-26,2026-07-28,pay_01V4MHRA5T1672,order_XV8FXM1KWZ1671,netbanking,Payment captured
pay_42Q5QGBBH71675,payment,0,1438953,1473732,INR,29474,5305,setl_PHBSRTE01L1658,4730756217d529,2026-07-26,2026-07-28,pay_42Q5QGBBH71675,order_NRL2HVWVPD1674,netbanking,Payment captured
pay_7NLB92XKQ41678,payment,0,102516,104992,INR,2099,377,setl_PHBSRTE01L1658,4730756217d529,2026-07-26,2026-07-28,pay_7NLB92XKQ41678,order_TM385ST7DH1677,upi,Payment captured
pay_CCBK6MJEVM1681,payment,0,242851,248720,INR,4974,895,setl_PHBSRTE01L1658,4730756217d529,2026-07-26,2026-07-28,pay_CCBK6MJEVM1681,order_DCYK4EBZW91680,wallet,Payment captured
pay_K91MBM7RYJ1684,payment,0,170292,174407,INR,3488,627,setl_PHBSRTE01L1658,4730756217d529,2026-07-26,2026-07-28,pay_K91MBM7RYJ1684,order_F7LCNHN0YY1683,emi,Payment captured
pay_3F8YC61FD51687,payment,0,601021,615546,INR,12310,2215,setl_PHBSRTE01L1658,4730756217d529,2026-07-26,2026-07-28,pay_3F8YC61FD51687,order_AUZ6QYQJQ31686,upi,Payment captured
pay_SS16NW4SJK1690,payment,0,135442,138715,INR,2774,499,setl_PHBSRTE01L1658,4730756217d529,2026-07-26,2026-07-28,pay_SS16NW4SJK1690,order_HK1GYQMF731689,card,Payment captured
pay_M1D8U1Q6Z01695,payment,0,180903,185274,INR,3705,666,setl_ZD0R6REHDT1693,8700802495i207,2026-07-27,2026-07-29,pay_M1D8U1Q6Z01695,order_WQVHWKAEQ01694,upi,Payment captured
pay_PW47YMD6AJ1698,payment,0,119247,122128,INR,2442,439,setl_ZD0R6REHDT1693,8700802495i207,2026-07-27,2026-07-29,pay_PW47YMD6AJ1698,order_TEEXX3TBF01697,upi,Payment captured
pay_PEL376QFMJ1701,payment,0,28426,29112,INR,582,104,setl_ZD0R6REHDT1693,8700802495i207,2026-07-27,2026-07-29,pay_PEL376QFMJ1701,order_NR31551C961700,card,Payment captured
pay_XMQHKCLHEY1704,payment,0,13172955,13491349,INR,269826,48568,setl_ZD0R6REHDT1693,8700802495i207,2026-07-27,2026-07-29,pay_XMQHKCLHEY1704,order_VNHF0XVNB81703,upi,Payment captured
pay_VF2N0Y3CSX1707,payment,0,117391,120227,INR,2404,432,setl_ZD0R6REHDT1693,8700802495i207,2026-07-27,2026-07-29,pay_VF2N0Y3CSX1707,order_51VV371V441706,emi,Payment captured
pay_WPDZ5AMZYH1710,payment,0,801882,821263,INR,16425,2956,setl_ZD0R6REHDT1693,8700802495i207,2026-07-27,2026-07-29,pay_WPDZ5AMZYH1710,order_3M54FHYJ0Q1709,netbanking,Payment captured
pay_UQVSEVH1RR1713,payment,0,1318140,1349998,INR,26999,4859,setl_ZD0R6REHDT1693,8700802495i207,2026-07-27,2026-07-29,pay_UQVSEVH1RR1713,order_X1YU23RVXS1712,emi,Payment captured
pay_VT3V0EKQDB1718,payment,0,83143,85152,INR,1703,306,setl_TGRLGA4JDM1716,5481161557k408,2026-07-28,2026-07-30,pay_VT3V0EKQDB1718,order_2ZX6JJCRAC1717,emi,Payment captured
pay_ZVNSW10QFE1721,payment,0,1045976,1071257,INR,21425,3856,setl_TGRLGA4JDM1716,5481161557k408,2026-07-28,2026-07-30,pay_ZVNSW10QFE1721,order_NXX6A3FPES1720,upi,Payment captured
pay_Q4281BCWKT1724,payment,0,643195,658740,INR,13174,2371,setl_TGRLGA4JDM1716,5481161557k408,2026-07-28,2026-07-30,pay_Q4281BCWKT1724,order_V5UMS2PGBV1723,card,Payment captured
pay_31XM4XLNNJ1727,payment,0,6901551,7068364,INR,141367,25446,setl_TGRLGA4JDM1716,5481161557k408,2026-07-28,2026-07-30,pay_31XM4XLNNJ1727,order_PWDKQZDLLT1726,card,Payment captured
pay_35ZA43K6YW1730,payment,0,12216,12511,INR,250,45,setl_TGRLGA4JDM1716,5481161557k408,2026-07-28,2026-07-30,pay_35ZA43K6YW1730,order_QBQNS254EH1729,emi,Payment captured
pay_5EBF5LLJUD1733,payment,0,773042,791726,INR,15834,2850,setl_TGRLGA4JDM1716,5481161557k408,2026-07-28,2026-07-30,pay_5EBF5LLJUD1733,order_7LRBPTJCJU1732,netbanking,Payment captured
pay_X8EMKWCX011736,payment,0,168949,173031,INR,3460,622,setl_TGRLGA4JDM1716,5481161557k408,2026-07-28,2026-07-30,pay_X8EMKWCX011736,order_MSD0ZQ4K6K1735,card,Payment captured
pay_DE5D7UCQKY1739,payment,0,31304,32060,INR,641,115,setl_TGRLGA4JDM1716,5481161557k408,2026-07-28,2026-07-30,pay_DE5D7UCQKY1739,order_FDH958CRY21738,card,Payment captured
pay_KH0M0WS0NN1742,payment,0,8305630,8506379,INR,170127,30622,setl_TGRLGA4JDM1716,5481161557k408,2026-07-28,2026-07-30,pay_KH0M0WS0NN1742,order_SRQ5MLBZUK1741,emi,Payment captured
pay_YEWN47SM131745,payment,0,163042,166982,INR,3339,601,setl_TGRLGA4JDM1716,5481161557k408,2026-07-28,2026-07-30,pay_YEWN47SM131745,order_XAT5BLAZ081744,netbanking,Payment captured
pay_BZLKUHEW2P1748,payment,0,571764,585582,INR,11711,2107,setl_TGRLGA4JDM1716,5481161557k408,2026-07-28,2026-07-30,pay_BZLKUHEW2P1748,order_YKB2F1YFKJ1747,wallet,Payment captured
pay_XGNPGQCCTQ1751,payment,0,168981,173064,INR,3461,622,setl_TGRLGA4JDM1716,5481161557k408,2026-07-28,2026-07-30,pay_XGNPGQCCTQ1751,order_UMC30EXS8B1750,emi,Payment captured
pay_PUMHK3KMEN1756,payment,0,89955,92128,INR,1842,331,setl_WSD0VVJAC01754,7433122359u637,2026-07-29,2026-07-31,pay_PUMHK3KMEN1756,order_9W01U1VH3J1755,netbanking,Payment captured
pay_8NHBDQ332B1759,payment,0,1290618,1321812,INR,26436,4758,setl_WSD0VVJAC01754,7433122359u637,2026-07-29,2026-07-31,pay_8NHBDQ332B1759,order_HF64K2T9GL1758,card,Payment captured
pay_L2LDD413L51762,payment,0,251982,258071,INR,5161,928,setl_WSD0VVJAC01754,7433122359u637,2026-07-29,2026-07-31,pay_L2LDD413L51762,order_WCWMTR9RAY1761,wallet,Payment captured
pay_VGAENK8LNQ1765,payment,0,3317390,3397572,INR,67951,12231,setl_WSD0VVJAC01754,7433122359u637,2026-07-29,2026-07-31,pay_VGAENK8LNQ1765,order_8XH1M15GR31764,netbanking,Payment captured
pay_A9GTREJ5421768,payment,0,1809032,1852756,INR,37055,6669,setl_WSD0VVJAC01754,7433122359u637,2026-07-29,2026-07-31,pay_A9GTREJ5421768,order_B1670GC3ZL1767,card,Payment captured
pay_W4PV8LXWQT1771,payment,0,278166,284888,INR,5697,1025,setl_WSD0VVJAC01754,7433122359u637,2026-07-29,2026-07-31,pay_W4PV8LXWQT1771,order_K10Z10LYGJ1770,emi,Payment captured
pay_SYU1TE8N8V1774,payment,0,160750,164634,INR,3292,592,setl_WSD0VVJAC01754,7433122359u637,2026-07-29,2026-07-31,pay_SYU1TE8N8V1774,order_VE417BA5V71773,emi,Payment captured
pay_1AWLHCL1J51777,payment,0,146148,149679,INR,2993,538,setl_WSD0VVJAC01754,7433122359u637,2026-07-29,2026-07-31,pay_1AWLHCL1J51777,order_G0UBSUWAL81776,emi,Payment captured
pay_Y2RAK4ZADA1780,payment,0,66347,67949,INR,1358,244,setl_WSD0VVJAC01754,7433122359u637,2026-07-29,2026-07-31,pay_Y2RAK4ZADA1780,order_ANCX6VR6SG1779,wallet,Payment captured
pay_H96L2CBHP31783,payment,0,152480,156165,INR,3123,562,setl_WSD0VVJAC01754,7433122359u637,2026-07-29,2026-07-31,pay_H96L2CBHP31783,order_SN4U34D86B1782,wallet,Payment captured
pay_HWY36JW3MM1786,payment,0,179947,184295,INR,3685,663,setl_WSD0VVJAC01754,7433122359u637,2026-07-29,2026-07-31,pay_HWY36JW3MM1786,order_X31ZLVC0KJ1785,wallet,Payment captured
pay_7L3TRYWWWL1791,payment,0,199337,204154,INR,4083,734,setl_QWA7FJUXYP1789,1436486303w948,2026-07-30,2026-08-01,pay_7L3TRYWWWL1791,order_R1JMFE6RK51790,netbanking,Payment captured
pay_FS45VT6QZP1794,payment,0,167067,171104,INR,3422,615,setl_QWA7FJUXYP1789,1436486303w948,2026-07-30,2026-08-01,pay_FS45VT6QZP1794,order_F4EDXD9DZV1793,emi,Payment captured
pay_BQNH9P2FEN1797,payment,0,215912,221129,INR,4422,795,setl_QWA7FJUXYP1789,1436486303w948,2026-07-30,2026-08-01,pay_BQNH9P2FEN1797,order_5NSUPCXQ781796,netbanking,Payment captured
pay_H4V2WPWQ681800,payment,0,1226811,1256463,INR,25129,4523,setl_QWA7FJUXYP1789,1436486303w948,2026-07-30,2026-08-01,pay_H4V2WPWQ681800,order_6NAU3MWEWM1799,wallet,Payment captured
pay_JS03SXDBCH1803,payment,0,197852,202633,INR,4052,729,setl_QWA7FJUXYP1789,1436486303w948,2026-07-30,2026-08-01,pay_JS03SXDBCH1803,order_640L1EVQP11802,emi,Payment captured
pay_5Z4LZ7XY9J1806,payment,0,1602868,1641609,INR,32832,5909,setl_QWA7FJUXYP1789,1436486303w948,2026-07-30,2026-08-01,pay_5Z4LZ7XY9J1806,order_9UULU0T89V1805,netbanking,Payment captured
pay_TP37L919GF1809,payment,0,57667,59060,INR,1181,212,setl_QWA7FJUXYP1789,1436486303w948,2026-07-30,2026-08-01,pay_TP37L919GF1809,order_4F5AX9VSXG1808,emi,Payment captured
pay_ZWK33PQZFW1812,payment,0,135518,138792,INR,2775,499,setl_QWA7FJUXYP1789,1436486303w948,2026-07-30,2026-08-01,pay_ZWK33PQZFW1812,order_FTXABLG45D1811,upi,Payment captured
pay_R3CD9WG8HC1815,payment,0,1856150,1901013,INR,38020,6843,setl_QWA7FJUXYP1789,1436486303w948,2026-07-30,2026-08-01,pay_R3CD9WG8HC1815,order_FARJ6VJWYH1814,netbanking,Payment captured
pay_1RPYRDAXW31818,payment,0,10650104,10907521,INR,218150,39267,setl_QWA7FJUXYP1789,1436486303w948,2026-07-30,2026-08-01,pay_1RPYRDAXW31818,order_7P01J4FPY81817,emi,Payment captured
pay_8R67M5BL201821,payment,0,57260,58642,INR,1172,210,setl_QWA7FJUXYP1789,1436486303w948,2026-07-30,2026-08-01,pay_8R67M5BL201821,order_YYHG0UR1CJ1820,netbanking,Payment captured
pay_SCZHCNAJ7P1824,payment,0,190064,194657,INR,3893,700,setl_QWA7FJUXYP1789,1436486303w948,2026-07-30,2026-08-01,pay_SCZHCNAJ7P1824,order_2ECG5WPXV21823,netbanking,Payment captured
pay_271SAMM8T81827,payment,0,1629204,1668581,INR,33371,6006,setl_QWA7FJUXYP1789,1436486303w948,2026-07-30,2026-08-01,pay_271SAMM8T81827,order_T5H9QWPB2C1826,upi,Payment captured
pay_BMJ1JYSLCS1832,payment,0,221958,227322,INR,4546,818,setl_89E87P64Y81830,2005178800m390,2026-07-31,2026-08-02,pay_BMJ1JYSLCS1832,order_SGQAAHYN821831,netbanking,Payment captured
pay_ED6VGKKT5B1835,payment,0,379829,389009,INR,7780,1400,setl_89E87P64Y81830,2005178800m390,2026-07-31,2026-08-02,pay_ED6VGKKT5B1835,order_BD7TGPLTZR1834,wallet,Payment captured
pay_DCNV093G0P1838,payment,0,1868818,1913987,INR,38279,6890,setl_89E87P64Y81830,2005178800m390,2026-07-31,2026-08-02,pay_DCNV093G0P1838,order_KMUASPM2GG1837,upi,Payment captured
pay_X56WBDG7RJ1841,payment,0,1840114,1884589,INR,37691,6784,setl_89E87P64Y81830,2005178800m390,2026-07-31,2026-08-02,pay_X56WBDG7RJ1841,order_R12JEZN2BA1840,card,Payment captured
pay_HBSWT2H7HL1844,payment,0,37606,38514,INR,770,138,setl_89E87P64Y81830,2005178800m390,2026-07-31,2026-08-02,pay_HBSWT2H7HL1844,order_P0C86E07KM1843,card,Payment captured
pay_PTFKBTV46M1847,payment,0,844342,864750,INR,17295,3113,setl_89E87P64Y81830,2005178800m390,2026-07-31,2026-08-02,pay_PTFKBTV46M1847,order_JMZKF1AKXM1846,wallet,Payment captured
pay_CJGGHWFL311850,payment,0,176435,180698,INR,3613,650,setl_89E87P64Y81830,2005178800m390,2026-07-31,2026-08-02,pay_CJGGHWFL311850,order_5VBJTYYYH01849,wallet,Payment captured
pay_FHC7UJF3VC1853,payment,0,2111233,2162262,INR,43245,7784,setl_89E87P64Y81830,2005178800m390,2026-07-31,2026-08-02,pay_FHC7UJF3VC1853,order_89TV5SB8Q41852,emi,Payment captured
pay_T3MKALELN71856,payment,0,121532,124469,INR,2489,448,setl_89E87P64Y81830,2005178800m390,2026-07-31,2026-08-02,pay_T3MKALELN71856,order_T4C8LHQ92W1855,upi,Payment captured
pay_FHSH1ABF0K1859,payment,0,106137,108702,INR,2174,391,setl_89E87P64Y81830,2005178800m390,2026-07-31,2026-08-02,pay_FHSH1ABF0K1859,order_RU15RHAA991858,netbanking,Payment captured
pay_TQR3HGR4FG1862,payment,0,225349,230794,INR,4615,830,setl_89E87P64Y81830,2005178800m390,2026-07-31,2026-08-02,pay_TQR3HGR4FG1862,order_F36S0RCDB81861,card,Payment captured
pay_UAK1KC9Y8E1867,payment,0,44977,46062,INR,921,164,setl_2B4W0SUT131865,2896729527w154,2026-08-01,2026-08-03,pay_UAK1KC9Y8E1867,order_TBJF8KJQ841866,card,Payment captured
pay_GH2EMWYBU11870,payment,0,5593852,5729058,INR,114581,20625,setl_2B4W0SUT131865,2896729527w154,2026-08-01,2026-08-03,pay_GH2EMWYBU11870,order_Y5BAUFLGJX1869,upi,Payment captured
pay_3EYFJBSZA71873,payment,0,42375,43398,INR,867,156,setl_2B4W0SUT131865,2896729527w154,2026-08-01,2026-08-03,pay_3EYFJBSZA71873,order_R9K5FBFMNJ1872,card,Payment captured
pay_7PV7KSRY2F1876,payment,0,8815930,9029014,INR,180580,32504,setl_2B4W0SUT131865,2896729527w154,2026-08-01,2026-08-03,pay_7PV7KSRY2F1876,order_QV0BGFXRAZ1875,wallet,Payment captured
pay_248TU65FLD1879,payment,0,10297223,10546111,INR,210922,37966,setl_2B4W0SUT131865,2896729527w154,2026-08-01,2026-08-03,pay_248TU65FLD1879,order_120Y1KJTE41878,netbanking,Payment captured
pay_XU88ME99T21884,payment,0,59723,61166,INR,1223,220,setl_YLYSMB1TUF1882,4291727088d786,2026-08-02,2026-08-04,pay_XU88ME99T21884,order_F9K5RA3QVQ1883,upi,Payment captured
pay_DV93AR7KG81887,payment,0,234439,240105,INR,4802,864,setl_YLYSMB1TUF1882,4291727088d786,2026-08-02,2026-08-04,pay_DV93AR7KG81887,order_ZVNTFMRBH11886,upi,Payment captured
pay_52CG0KYD8S1890,payment,0,80316,82257,INR,1645,296,setl_YLYSMB1TUF1882,4291727088d786,2026-08-02,2026-08-04,pay_52CG0KYD8S1890,order_CAPV6HRG7G1889,wallet,Payment captured
pay_6J5DQ5H2G31893,payment,0,96103,98425,INR,1968,354,setl_YLYSMB1TUF1882,4291727088d786,2026-08-02,2026-08-04,pay_6J5DQ5H2G31893,order_9LHB6L949A1892,wallet,Payment captured
pay_UAZY58CALS1896,payment,0,1340569,1372970,INR,27459,4942,setl_YLYSMB1TUF1882,4291727088d786,2026-08-02,2026-08-04,pay_UAZY58CALS1896,order_N7XQC42GAM1895,wallet,Payment captured
pay_E3HRZKFWDH1899,payment,0,1807321,1851004,INR,37020,6663,setl_YLYSMB1TUF1882,4291727088d786,2026-08-02,2026-08-04,pay_E3HRZKFWDH1899,order_0Y5S16B04Y1898,netbanking,Payment captured
pay_8EQBAVG3EA1902,payment,0,217855,223120,INR,4462,803,setl_YLYSMB1TUF1882,4291727088d786,2026-08-02,2026-08-04,pay_8EQBAVG3EA1902,order_9SLUPHQJUU1901,emi,Payment captured
pay_WBHT72SK781905,payment,0,13391614,13715293,INR,274305,49374,setl_YLYSMB1TUF1882,4291727088d786,2026-08-02,2026-08-04,pay_WBHT72SK781905,order_U1RQXQVFFA1904,wallet,Payment captured
pay_K0C5LQ0BKU1908,payment,0,7350688,7528357,INR,150567,27102,setl_YLYSMB1TUF1882,4291727088d786,2026-08-02,2026-08-04,pay_K0C5LQ0BKU1908,order_GJQZ78GXZS1907,upi,Payment captured
pay_Q6DPG7WVQ91911,payment,0,16658,17060,INR,341,61,setl_YLYSMB1TUF1882,4291727088d786,2026-08-02,2026-08-04,pay_Q6DPG7WVQ91911,order_5PD85HZ0S61910,wallet,Payment captured
pay_VC423SJA401914,payment,0,153675,157388,INR,3147,566,setl_YLYSMB1TUF1882,4291727088d786,2026-08-02,2026-08-04,pay_VC423SJA401914,order_MXS191K4M91913,card,Payment captured
pay_91QMDXZRSA1917,payment,0,41759,42767,INR,855,153,setl_YLYSMB1TUF1882,4291727088d786,2026-08-02,2026-08-04,pay_91QMDXZRSA1917,order_P9386D2BS91916,wallet,Payment captured
pay_XYSL3EBR9S1920,payment,0,2097522,2148219,INR,42964,7733,setl_YLYSMB1TUF1882,4291727088d786,2026-08-02,2026-08-04,pay_XYSL3EBR9S1920,order_WNW24D68571919,card,Payment captured
pay_GTM1T7ED3B1925,payment,0,54644,55964,INR,1119,201,setl_7G3LDULZHU1923,7667881685s666,2026-08-03,2026-08-05,pay_GTM1T7ED3B1925,order_G3APMMBM2A1924,netbanking,Payment captured
pay_QH4LT43RAQ1928,payment,0,311465,318992,INR,6379,1148,setl_7G3LDULZHU1923,7667881685s666,2026-08-03,2026-08-05,pay_QH4LT43RAQ1928,order_UNPM25MST01927,emi,Payment captured
pay_V3DJ3241XL1931,payment,0,127924,131015,INR,2620,471,setl_7G3LDULZHU1923,7667881685s666,2026-08-03,2026-08-05,pay_V3DJ3241XL1931,order_L7MFLH0QYD1930,upi,Payment captured
pay_AGLCLMEZVR1934,payment,0,149454,153065,INR,3061,550,setl_7G3LDULZHU1923,7667881685s666,2026-08-03,2026-08-05,pay_AGLCLMEZVR1934,order_3VA27Z2BLC1933,card,Payment captured
pay_QXUXCQ18UP1937,payment,0,52610,53880,INR,1077,193,setl_7G3LDULZHU1923,7667881685s666,2026-08-03,2026-08-05,pay_QXUXCQ18UP1937,order_RYECKZXYDH1936,upi,Payment captured
pay_X1WJDHKR711940,payment,0,298675,305893,INR,6117,1101,setl_7G3LDULZHU1923,7667881685s666,2026-08-03,2026-08-05,pay_X1WJDHKR711940,order_YQHJTTFLD41939,wallet,Payment captured
pay_EQG6ZQ1J3T1943,payment,0,208002,213028,INR,4260,766,setl_7G3LDULZHU1923,7667881685s666,2026-08-03,2026-08-05,pay_EQG6ZQ1J3T1943,order_TFP4XGJM141942,emi,Payment captured
pay_5JZSJKF8RS1948,payment,0,173441,177632,INR,3552,639,setl_DNLGEYQXYA1946,2364919386i314,2026-08-04,2026-08-06,pay_5JZSJKF8RS1948,order_GVRD9475JS1947,wallet,Payment captured
pay_5U3TD9X8Y91951,payment,0,650099,665811,INR,13316,2396,setl_DNLGEYQXYA1946,2364919386i314,2026-08-04,2026-08-06,pay_5U3TD9X8Y91951,order_PRL3YGYDLX1950,emi,Payment captured
pay_LMMYAGMY1L1954,payment,0,133104,136320,INR,2726,490,setl_DNLGEYQXYA1946,2364919386i314,2026-08-04,2026-08-06,pay_LMMYAGMY1L1954,order_JLZVPWZF1L1953,card,Payment captured
pay_J21ASXDZ3N1957,payment,0,79678,81603,INR,1632,293,setl_DNLGEYQXYA1946,2364919386i314,2026-08-04,2026-08-06,pay_J21ASXDZ3N1957,order_FUMAA21L4C1956,emi,Payment captured
pay_AC2B9K57CW1960,payment,0,104560,107086,INR,2141,385,setl_DNLGEYQXYA1946,2364919386i314,2026-08-04,2026-08-06,pay_AC2B9K57CW1960,order_NMJLV5FFQ01959,netbanking,Payment captured
pay_F43KQHPN2H1963,payment,0,144229,147714,INR,2954,531,setl_DNLGEYQXYA1946,2364919386i314,2026-08-04,2026-08-06,pay_F43KQHPN2H1963,order_YAAWQ5MNT31962,netbanking,Payment captured
pay_4VTTE7LQTY1968,payment,0,284588,291466,INR,5829,1049,setl_C3PSUMCT3E1966,7328125246k202,2026-08-05,2026-08-07,pay_4VTTE7LQTY1968,order_F7NMVMCLUQ1967,netbanking,Payment captured
pay_3TEAAXQ8XW1971,payment,0,1001167,1025365,INR,20507,3691,setl_C3PSUMCT3E1966,7328125246k202,2026-08-05,2026-08-07,pay_3TEAAXQ8XW1971,order_Q0J2CT5MN91970,emi,Payment captured
pay_589STP5D101974,payment,0,1220744,1250248,INR,25004,4500,setl_C3PSUMCT3E1966,7328125246k202,2026-08-05,2026-08-07,pay_589STP5D101974,order_ES3DV72GUQ1973,wallet,Payment captured
pay_46LHA9VXC51977,payment,0,1900934,1946879,INR,38937,7008,setl_C3PSUMCT3E1966,7328125246k202,2026-08-05,2026-08-07,pay_46LHA9VXC51977,order_EZVF9Z9CDK1976,card,Payment captured
pay_B16HJMM2261980,payment,0,1153685,1181569,INR,23631,4253,setl_C3PSUMCT3E1966,7328125246k202,2026-08-05,2026-08-07,pay_B16HJMM2261980,order_T38RPB164P1979,emi,Payment captured
pay_61BWWBVJJH1983,payment,0,1628835,1668204,INR,33364,6005,setl_C3PSUMCT3E1966,7328125246k202,2026-08-05,2026-08-07,pay_61BWWBVJJH1983,order_C06P2PVL881982,card,Payment captured
pay_7HK2WPQ5F51986,payment,0,25330,25941,INR,518,93,setl_C3PSUMCT3E1966,7328125246k202,2026-08-05,2026-08-07,pay_7HK2WPQ5F51986,order_E1LA6NM8FL1985,emi,Payment captured
pay_4B0MEX4NAZ1989,payment,0,179846,184191,INR,3683,662,setl_C3PSUMCT3E1966,7328125246k202,2026-08-05,2026-08-07,pay_4B0MEX4NAZ1989,order_RFRWVBHUY21988,upi,Payment captured
pay_X9DG0SK8FX1992,payment,0,147572,151137,INR,3022,543,setl_C3PSUMCT3E1966,7328125246k202,2026-08-05,2026-08-07,pay_X9DG0SK8FX1992,order_H268A00TQH1991,upi,Payment captured
pay_9L2MUV9WBB1995,payment,0,21934,22463,INR,449,80,setl_C3PSUMCT3E1966,7328125246k202,2026-08-05,2026-08-07,pay_9L2MUV9WBB1995,order_PB8C9E5L1K1994,wallet,Payment captured
pay_9JBRH5DM2N1998,payment,0,117933,120782,INR,2415,434,setl_C3PSUMCT3E1966,7328125246k202,2026-08-05,2026-08-07,pay_9JBRH5DM2N1998,order_H0HL611JAC1997,wallet,Payment captured
pay_FKQ5ZRAMT42001,payment,0,410417,420336,INR,8406,1513,setl_C3PSUMCT3E1966,7328125246k202,2026-08-05,2026-08-07,pay_FKQ5ZRAMT42001,order_MAUKVLZP2B2000,netbanking,Payment captured
pay_592UEJZV7M2006,payment,0,191986,196625,INR,3932,707,setl_ZTBR1T8KHY2004,7742907757p354,2026-08-06,2026-08-08,pay_592UEJZV7M2006,order_12KNJQ3C012005,upi,Payment captured
pay_W618574MZ32009,payment,0,111577,114273,INR,2285,411,setl_ZTBR1T8KHY2004,7742907757p354,2026-08-06,2026-08-08,pay_W618574MZ32009,order_E52MNY0KRP2008,emi,Payment captured
pay_AEUVD51KEV2012,payment,0,439951,450583,INR,9011,1621,setl_ZTBR1T8KHY2004,7742907757p354,2026-08-06,2026-08-08,pay_AEUVD51KEV2012,order_WN9NFKJ1AB2011,emi,Payment captured
pay_AXKD9MQXQB2015,payment,0,48651,49826,INR,996,179,setl_ZTBR1T8KHY2004,7742907757p354,2026-08-06,2026-08-08,pay_AXKD9MQXQB2015,order_6JC3W0VLJU2014,emi,Payment captured
pay_3X6KUAVRV72018,payment,0,10771,11030,INR,220,39,setl_ZTBR1T8KHY2004,7742907757p354,2026-08-06,2026-08-08,pay_3X6KUAVRV72018,order_F6ZRA422G92017,upi,Payment captured
pay_FMCKXEN96N2021,payment,0,136674,139976,INR,2799,503,setl_ZTBR1T8KHY2004,7742907757p354,2026-08-06,2026-08-08,pay_FMCKXEN96N2021,order_77NLE7YDQ22020,netbanking,Payment captured
pay_A62WEE6CYF2024,payment,0,9689,9922,INR,198,35,setl_ZTBR1T8KHY2004,7742907757p354,2026-08-06,2026-08-08,pay_A62WEE6CYF2024,order_T73B42JQWE2023,upi,Payment captured
pay_T1ZRH1D76A2027,payment,0,394347,403877,INR,8077,1453,setl_ZTBR1T8KHY2004,7742907757p354,2026-08-06,2026-08-08,pay_T1ZRH1D76A2027,order_Y8AYYFGW4S2026,upi,Payment captured
pay_8Z1TB4AK1W2030,payment,0,6025915,6171563,INR,123431,22217,setl_ZTBR1T8KHY2004,7742907757p354,2026-08-06,2026-08-08,pay_8Z1TB4AK1W2030,order_KMFBP01LCR2029,wallet,Payment captured
pay_C86CLCHFUQ2033,payment,0,23872,24447,INR,488,87,setl_ZTBR1T8KHY2004,7742907757p354,2026-08-06,2026-08-08,pay_C86CLCHFUQ2033,order_N5VSB88D372032,emi,Payment captured
pay_5LKBWQ6A662036,payment,0,21709,22232,INR,444,79,setl_ZTBR1T8KHY2004,7742907757p354,2026-08-06,2026-08-08,pay_5LKBWQ6A662036,order_XL1RMHH1CU2035,upi,Payment captured
pay_MRW0AZQAJ02039,payment,0,200585,205432,INR,4108,739,setl_ZTBR1T8KHY2004,7742907757p354,2026-08-06,2026-08-08,pay_MRW0AZQAJ02039,order_EXRT2702J22038,emi,Payment captured
rfnd_XD1RC11R3A2041,refund,180832,0,180832,INR,0,0,setl_ZTBR1T8KHY2004,7742907757p354,2026-08-02,2026-08-08,pay_4R1A3DET2B1352,order_CQS1SA9QCQ1351,,Full refund
pay_CJ5Y7UWSTJ2045,payment,0,1186163,1214832,INR,24296,4373,setl_CHLDRBKZJB2043,7907639041k261,2026-08-07,2026-08-09,pay_CJ5Y7UWSTJ2045,order_Z5ZQHM1CD32044,emi,Payment captured
pay_1LLZKH77DW2048,payment,0,153274,156978,INR,3139,565,setl_CHLDRBKZJB2043,7907639041k261,2026-08-07,2026-08-09,pay_1LLZKH77DW2048,order_H0YY9PUUX12047,upi,Payment captured
pay_8ZBEZNAE4Q2051,payment,0,85515,87581,INR,1751,315,setl_CHLDRBKZJB2043,7907639041k261,2026-08-07,2026-08-09,pay_8ZBEZNAE4Q2051,order_4K21BJNYEZ2050,emi,Payment captured
pay_D0SZPGW5DW2054,payment,0,42672,43703,INR,874,157,setl_CHLDRBKZJB2043,7907639041k261,2026-08-07,2026-08-09,pay_D0SZPGW5DW2054,order_MSVEPRWV4S2053,netbanking,Payment captured
pay_DMR66FSRAG2057,payment,0,41164,42158,INR,843,151,setl_CHLDRBKZJB2043,7907639041k261,2026-08-07,2026-08-09,pay_DMR66FSRAG2057,order_RNW7S51AZ52056,emi,Payment captured
pay_L150MSL46R2060,payment,0,679641,696067,INR,13921,2505,setl_CHLDRBKZJB2043,7907639041k261,2026-08-07,2026-08-09,pay_L150MSL46R2060,order_JP1USCMJWR2059,netbanking,Payment captured
pay_V7E9KA6XWF2063,payment,0,244373,250278,INR,5005,900,setl_CHLDRBKZJB2043,7907639041k261,2026-08-07,2026-08-09,pay_V7E9KA6XWF2063,order_E3NQM9TUJP2062,card,Payment captured
pay_L8VJUFC6VD2068,payment,0,302002,309301,INR,6186,1113,setl_KJ7455PPE22066,5123557222m511,2026-08-08,2026-08-10,pay_L8VJUFC6VD2068,order_4APZDR0CXW2067,wallet,Payment captured
pay_1S2EU4TW7P2071,payment,0,104692,107221,INR,2144,385,setl_KJ7455PPE22066,5123557222m511,2026-08-08,2026-08-10,pay_1S2EU4TW7P2071,order_A3LACR1N8Y2070,emi,Payment captured
pay_JQS0GJGLEG2074,payment,0,889102,910590,INR,18211,3277,setl_KJ7455PPE22066,5123557222m511,2026-08-08,2026-08-10,pay_JQS0GJGLEG2074,order_WAUPK23UPJ2073,wallet,Payment captured
pay_587E889KJP2077,payment,0,578583,592567,INR,11851,2133,setl_KJ7455PPE22066,5123557222m511,2026-08-08,2026-08-10,pay_587E889KJP2077,order_JN9V7VMLX12076,wallet,Payment captured
pay_834T0NRA4K2080,payment,0,1741528,1783620,INR,35672,6420,setl_KJ7455PPE22066,5123557222m511,2026-08-08,2026-08-10,pay_834T0NRA4K2080,order_NSZ1V5T1BW2079,card,Payment captured
pay_1WWY7YGMS62083,payment,0,116835,119658,INR,2393,430,setl_KJ7455PPE22066,5123557222m511,2026-08-08,2026-08-10,pay_1WWY7YGMS62083,order_WYW482TX792082,wallet,Payment captured
pay_KMSVSE86UA2086,payment,0,516014,528485,INR,10569,1902,setl_KJ7455PPE22066,5123557222m511,2026-08-08,2026-08-10,pay_KMSVSE86UA2086,order_UDYE20YSWG2085,wallet,Payment captured
pay_P82DMCXDQB2089,payment,0,1739280,1781318,INR,35626,6412,setl_KJ7455PPE22066,5123557222m511,2026-08-08,2026-08-10,pay_P82DMCXDQB2089,order_E4BR2NCVTK2088,card,Payment captured
pay_KCQFY9JX9T2094,payment,0,700262,717186,INR,14343,2581,setl_VWC5PY07V82092,9650754449k610,2026-08-09,2026-08-11,pay_KCQFY9JX9T2094,order_SBXCJ3ALST2093,wallet,Payment captured
pay_LNA89JW9182097,payment,0,121465,124400,INR,2488,447,setl_VWC5PY07V82092,9650754449k610,2026-08-09,2026-08-11,pay_LNA89JW9182097,order_5ZZHVE83T92096,emi,Payment captured
pay_NA01MPFZF92100,payment,0,169054,173139,INR,3462,623,setl_VWC5PY07V82092,9650754449k610,2026-08-09,2026-08-11,pay_NA01MPFZF92100,order_TL526U9PG42099,wallet,Payment captured
pay_48BKLQ6DC32103,payment,0,1459836,1495120,INR,29902,5382,setl_VWC5PY07V82092,9650754449k610,2026-08-09,2026-08-11,pay_48BKLQ6DC32103,order_B2KRJ5KQ6H2102,wallet,Payment captured
pay_YEW7DVZ80L2106,payment,0,90025,92202,INR,1844,333,setl_VWC5PY07V82092,9650754449k610,2026-08-09,2026-08-11,pay_YEW7DVZ80L2106,order_WN9EC4P58E2105,card,Payment captured
pay_XFGK90G8JB2109,payment,0,13178034,13496551,INR,269931,48586,setl_VWC5PY07V82092,9650754449k610,2026-08-09,2026-08-11,pay_XFGK90G8JB2109,order_61FKR1GMHB2108,wallet,Payment captured
pay_RWC27W58292112,payment,0,1451153,1486228,INR,29724,5351,setl_VWC5PY07V82092,9650754449k610,2026-08-09,2026-08-11,pay_RWC27W58292112,order_K0QQT83V5C2111,card,Payment captured
pay_JF96Q9TTSC2115,payment,0,1591870,1630345,INR,32606,5869,setl_VWC5PY07V82092,9650754449k610,2026-08-09,2026-08-11,pay_JF96Q9TTSC2115,order_PGWXXCW4CY2114,upi,Payment captured
pay_1EC444DKQV2118,payment,0,1680658,1721279,INR,34425,6196,setl_VWC5PY07V82092,9650754449k610,2026-08-09,2026-08-11,pay_1EC444DKQV2118,order_GKQWDN14HW2117,card,Payment captured
pay_78PHY7Z4LK2121,payment,0,1110790,1137637,INR,22752,4095,setl_VWC5PY07V82092,9650754449k610,2026-08-09,2026-08-11,pay_78PHY7Z4LK2121,order_3VBE3PJW6P2120,emi,Payment captured
pay_YSR30B5PVU2124,payment,0,190173,194769,INR,3895,701,setl_VWC5PY07V82092,9650754449k610,2026-08-09,2026-08-11,pay_YSR30B5PVU2124,order_VLQQMVF0ZE2123,wallet,Payment captured
pay_8G1EUGQVT62127,payment,0,165740,169744,INR,3394,610,setl_VWC5PY07V82092,9650754449k610,2026-08-09,2026-08-11,pay_8G1EUGQVT62127,order_H3E4AXALLE2126,emi,Payment captured
pay_N2045H02232130,payment,0,179735,184078,INR,3681,662,setl_VWC5PY07V82092,9650754449k610,2026-08-09,2026-08-11,pay_N2045H02232130,order_RNBK3YB0MH2129,card,Payment captured
pay_YBG64EWKVT2133,payment,0,188568,193125,INR,3862,695,setl_VWC5PY07V82092,9650754449k610,2026-08-09,2026-08-11,pay_YBG64EWKVT2133,order_QTCEP43Q272132,wallet,Payment captured
pay_MQAV6RQESZ2138,payment,0,55458,56797,INR,1135,204,setl_XYLM740SFV2136,3610721442a321,2026-08-10,2026-08-12,pay_MQAV6RQESZ2138,order_XXEPTUS16K2137,upi,Payment captured
pay_AWUR4733G82141,payment,0,209740,214809,INR,4296,773,setl_XYLM740SFV2136,3610721442a321,2026-08-10,2026-08-12,pay_AWUR4733G82141,order_5995WPEJAU2140,upi,Payment captured
pay_GA7E5GC19W2144,payment,0,158710,162545,INR,3250,585,setl_XYLM740SFV2136,3610721442a321,2026-08-10,2026-08-12,pay_GA7E5GC19W2144,order_FWFESQ362L2143,emi,Payment captured
pay_NDM83XXBWJ2147,payment,0,744531,762525,INR,15250,2744,setl_XYLM740SFV2136,3610721442a321,2026-08-10,2026-08-12,pay_NDM83XXBWJ2147,order_EZSMNA1CDM2146,upi,Payment captured
pay_KJJJTCCWQJ2150,payment,0,28961,29662,INR,593,108,setl_XYLM740SFV2136,3610721442a321,2026-08-10,2026-08-12,pay_KJJJTCCWQJ2150,order_SWKBG13RP92149,upi,Payment captured
pay_0HPLRSX2UX2153,payment,0,768355,786925,INR,15738,2832,setl_XYLM740SFV2136,3610721442a321,2026-08-10,2026-08-12,pay_0HPLRSX2UX2153,order_VPQGNQMZM92152,upi,Payment captured
pay_56RTZM6QY12156,payment,0,159056,162900,INR,3258,586,setl_XYLM740SFV2136,3610721442a321,2026-08-10,2026-08-12,pay_56RTZM6QY12156,order_833NTMDYR32155,wallet,Payment captured
pay_QR1ZLU4T132159,payment,0,8009481,8203072,INR,164061,29530,setl_XYLM740SFV2136,3610721442a321,2026-08-10,2026-08-12,pay_QR1ZLU4T132159,order_R8D22VGT6Z2158,card,Payment captured
pay_2NQWTPU2X82162,payment,0,1691947,1732841,INR,34656,6238,setl_XYLM740SFV2136,3610721442a321,2026-08-10,2026-08-12,pay_2NQWTPU2X82162,order_07KVGX6FL52161,emi,Payment captured
pay_N5FBRB7P6J2165,payment,0,1798104,1841564,INR,36831,6629,setl_XYLM740SFV2136,3610721442a321,2026-08-10,2026-08-12,pay_N5FBRB7P6J2165,order_E2GYQ8FG182164,emi,Payment captured
pay_1MWTKL0UY12168,payment,0,1035718,1060753,INR,21215,3820,setl_XYLM740SFV2136,3610721442a321,2026-08-10,2026-08-12,pay_1MWTKL0UY12168,order_TPHJHU1NV42167,emi,Payment captured
pay_2QPXQHCG0G2171,payment,0,407757,417612,INR,8352,1503,setl_XYLM740SFV2136,3610721442a321,2026-08-10,2026-08-12,pay_2QPXQHCG0G2171,order_HM20U5F24B2170,card,Payment captured
pay_RUKHNS8XVS2176,payment,0,574900,588794,INR,11775,2119,setl_PCESFG1AUF2174,4314250445b968,2026-08-11,2026-08-13,pay_RUKHNS8XVS2176,order_CK922H1CEC2175,wallet,Payment captured
pay_HPJGVBJV5A2179,payment,0,1455657,1490839,INR,29816,5366,setl_PCESFG1AUF2174,4314250445b968,2026-08-11,2026-08-13,pay_HPJGVBJV5A2179,order_GP0DFW6GF72178,card,Payment captured
pay_NERFC7VH0H2182,payment,0,13373831,13697081,INR,273941,49309,setl_PCESFG1AUF2174,4314250445b968,2026-08-11,2026-08-13,pay_NERFC7VH0H2182,order_EP368Z70U32181,upi,Payment captured
pay_XLWM7VEAJZ2185,payment,0,5520560,5653993,INR,113079,20354,setl_PCESFG1AUF2174,4314250445b968,2026-08-11,2026-08-13,pay_XLWM7VEAJZ2185,order_XD23M0E2SY2184,emi,Payment captured
pay_PZZ8UKM4F52188,payment,0,155617,159377,INR,3187,573,setl_PCESFG1AUF2174,4314250445b968,2026-08-11,2026-08-13,pay_PZZ8UKM4F52188,order_QDBZGX34Y12187,upi,Payment captured
pay_MSC84GAA222191,payment,0,179453,183789,INR,3675,661,setl_PCESFG1AUF2174,4314250445b968,2026-08-11,2026-08-13,pay_MSC84GAA222191,order_CFUTHQA0822190,card,Payment captured
pay_UAT6WK9NYV2194,payment,0,38161,39082,INR,781,140,setl_PCESFG1AUF2174,4314250445b968,2026-08-11,2026-08-13,pay_UAT6WK9NYV2194,order_HYLJQKKMMK2193,upi,Payment captured
pay_A3UHZ7C59R2197,payment,0,748387,766475,INR,15329,2759,setl_PCESFG1AUF2174,4314250445b968,2026-08-11,2026-08-13,pay_A3UHZ7C59R2197,order_YBWNW4KL9J2196,netbanking,Payment captured
pay_XWY7ZVBTMA2202,payment,0,1827164,1871326,INR,37426,6736,setl_JCMF8QB0QY2200,5157819119v332,2026-08-12,2026-08-14,pay_XWY7ZVBTMA2202,order_HKGQ4SR1AW2201,upi,Payment captured
pay_F1WK42FQ2E2205,payment,0,1039630,1064758,INR,21295,3833,setl_JCMF8QB0QY2200,5157819119v332,2026-08-12,2026-08-14,pay_F1WK42FQ2E2205,order_X25RQ4TZ4C2204,wallet,Payment captured
pay_MRKSMPV8AC2208,payment,0,573219,587073,INR,11741,2113,setl_JCMF8QB0QY2200,5157819119v332,2026-08-12,2026-08-14,pay_MRKSMPV8AC2208,order_1UTV57MWAU2207,emi,Payment captured
pay_LTLZ4DRPQK2211,payment,0,146495,150036,INR,3000,541,setl_JCMF8QB0QY2200,5157819119v332,2026-08-12,2026-08-14,pay_LTLZ4DRPQK2211,order_XW5UB0M70A2210,card,Payment captured
pay_LJJBVF25MH2214,payment,0,14851,15209,INR,304,54,setl_JCMF8QB0QY2200,5157819119v332,2026-08-12,2026-08-14,pay_LJJBVF25MH2214,order_J31MF4LG7U2213,card,Payment captured
pay_MKC2GDGRRP2217,payment,0,1782966,1826060,INR,36521,6573,setl_JCMF8QB0QY2200,5157819119v332,2026-08-12,2026-08-14,pay_MKC2GDGRRP2217,order_CPHQL8CVYA2216,emi,Payment captured
pay_ZYVA4KQAUY2220,payment,0,1125182,1152377,INR,23047,4148,setl_JCMF8QB0QY2200,5157819119v332,2026-08-12,2026-08-14,pay_ZYVA4KQAUY2220,order_G0KMX0T7E82219,wallet,Payment captured
pay_47323XDYM62223,payment,0,197517,202291,INR,4045,729,setl_JCMF8QB0QY2200,5157819119v332,2026-08-12,2026-08-14,pay_47323XDYM62223,order_UR4AHUYNGF2222,upi,Payment captured
pay_063PXRJKN72226,payment,0,1523780,1560610,INR,31212,5618,setl_JCMF8QB0QY2200,5157819119v332,2026-08-12,2026-08-14,pay_063PXRJKN72226,order_DKJREH164B2225,wallet,Payment captured
pay_5XRKREPKS32229,payment,0,137129,140442,INR,2808,505,setl_JCMF8QB0QY2200,5157819119v332,2026-08-12,2026-08-14,pay_5XRKREPKS32229,order_FFUKVNBCBR2228,emi,Payment captured
pay_GTB0YL31UM2232,payment,0,184487,188947,INR,3778,682,setl_JCMF8QB0QY2200,5157819119v332,2026-08-12,2026-08-14,pay_GTB0YL31UM2232,order_72XEXP9JCG2231,netbanking,Payment captured
pay_WB4PSTJEJH2237,payment,0,95106,97404,INR,1948,350,setl_UZHBV2JWA22235,3485044295s528,2026-08-13,2026-08-15,pay_WB4PSTJEJH2237,order_HKD2J427MQ2236,emi,Payment captured
pay_D5BPQ9JFU42240,payment,0,13248890,13569120,INR,271382,48848,setl_UZHBV2JWA22235,3485044295s528,2026-08-13,2026-08-15,pay_D5BPQ9JFU42240,order_AUY75JZH9U2239,wallet,Payment captured
pay_AHEJKBD9U82243,payment,0,196476,201224,INR,4024,724,setl_UZHBV2JWA22235,3485044295s528,2026-08-13,2026-08-15,pay_AHEJKBD9U82243,order_4A1N2QJ93N2242,upi,Payment captured
pay_3JBZ2TDHNK2246,payment,0,10299204,10548139,INR,210962,37973,setl_UZHBV2JWA22235,3485044295s528,2026-08-13,2026-08-15,pay_3JBZ2TDHNK2246,order_L17FP0AXSU2245,netbanking,Payment captured
pay_EDUDTREY102249,payment,0,131296,134469,INR,2689,484,setl_UZHBV2JWA22235,3485044295s528,2026-08-13,2026-08-15,pay_EDUDTREY102249,order_Y9DDP98CUS2248,card,Payment captured
pay_W0U4H74SCF2252,payment,0,126917,129983,INR,2599,467,setl_UZHBV2JWA22235,3485044295s528,2026-08-13,2026-08-15,pay_W0U4H74SCF2252,order_WY8DNCAG192251,upi,Payment captured
pay_9NNL2E6CWB2255,payment,0,141730,145155,INR,2903,522,setl_UZHBV2JWA22235,3485044295s528,2026-08-13,2026-08-15,pay_9NNL2E6CWB2255,order_0393HF604Y2254,wallet,Payment captured
pay_1KG56XCEXT2258,payment,0,1360960,1393854,INR,27877,5017,setl_UZHBV2JWA22235,3485044295s528,2026-08-13,2026-08-15,pay_1KG56XCEXT2258,order_ZRZRR8LUL02257,card,Payment captured
pay_DLWJ9ZV3GR2261,payment,0,221019,226360,INR,4527,814,setl_UZHBV2JWA22235,3485044295s528,2026-08-13,2026-08-15,pay_DLWJ9ZV3GR2261,order_5M603QSWEZ2260,wallet,Payment captured
pay_H6G0Z3Y1152266,payment,0,85226,87285,INR,1745,314,setl_0NADA4FKED2264,4553141974w978,2026-08-14,2026-08-16,pay_H6G0Z3Y1152266,order_U7PDY646G32265,upi,Payment captured
pay_JFESRA5BZU2269,payment,0,994865,1018911,INR,20378,3668,setl_0NADA4FKED2264,4553141974w978,2026-08-14,2026-08-16,pay_JFESRA5BZU2269,order_KLUJ0ZN5NM2268,upi,Payment captured
pay_1YPS5X5PQW2272,payment,0,441049,451709,INR,9034,1626,setl_0NADA4FKED2264,4553141974w978,2026-08-14,2026-08-16,pay_1YPS5X5PQW2272,order_CE1K2AB8CJ2271,emi,Payment captured
pay_BPF7J23ZK92275,payment,0,155597,159357,INR,3187,573,setl_0NADA4FKED2264,4553141974w978,2026-08-14,2026-08-16,pay_BPF7J23ZK92275,order_FS0R820URK2274,upi,Payment captured
pay_BXTPK7H1ND2278,payment,0,1655359,1695369,INR,33907,6103,setl_0NADA4FKED2264,4553141974w978,2026-08-14,2026-08-16,pay_BXTPK7H1ND2278,order_KB1DFV0BWF2277,upi,Payment captured
pay_M9QXTEXMDQ2281,payment,0,1450853,1485920,INR,29718,5349,setl_0NADA4FKED2264,4553141974w978,2026-08-14,2026-08-16,pay_M9QXTEXMDQ2281,order_D9RE49HAVC2280,card,Payment captured
pay_7N48UJGHVJ2285,payment,0,10625,10881,INR,217,39,setl_B8FJJ39EYV2283,8644224885w362,2026-08-14,2026-08-16,pay_7N48UJGHVJ2285,order_YQEFCYPRA32284,wallet,Payment captured
pay_9YBF1L51ML2288,payment,0,445373,456136,INR,9122,1641,setl_B8FJJ39EYV2283,8644224885w362,2026-08-14,2026-08-16,pay_9YBF1L51ML2288,order_8761J9P2R32287,wallet,Payment captured
pay_WX665K3W702291,payment,0,110815,113492,INR,2269,408,setl_B8FJJ39EYV2283,8644224885w362,2026-08-14,2026-08-16,pay_WX665K3W702291,order_WLMA5URWGJ2290,wallet,Payment captured
pay_4FHV93CDZC2294,payment,0,209495,214558,INR,4291,772,setl_B8FJJ39EYV2283,8644224885w362,2026-08-14,2026-08-16,pay_4FHV93CDZC2294,order_0X6NEJY1YF2293,upi,Payment captured
pay_81C7TLB1YK2297,payment,0,1559845,1597546,INR,31950,5751,setl_B8FJJ39EYV2283,8644224885w362,2026-08-14,2026-08-16,pay_81C7TLB1YK2297,order_BKNBHGKXAE2296,upi,Payment captured
pay_ZR6UBW7FTV2300,payment,0,137256,140572,INR,2811,505,setl_B8FJJ39EYV2283,8644224885w362,2026-08-14,2026-08-16,pay_ZR6UBW7FTV2300,order_NBJSM03JS42299,netbanking,Payment captured
pay_NT8NUQY3L22303,payment,0,105057,107595,INR,2151,387,setl_B8FJJ39EYV2283,8644224885w362,2026-08-14,2026-08-16,pay_NT8NUQY3L22303,order_QSXET032Y82302,wallet,Payment captured
pay_R3XCYBVWDZ2306,payment,0,143923,147401,INR,2948,530,setl_B8FJJ39EYV2283,8644224885w362,2026-08-14,2026-08-16,pay_R3XCYBVWDZ2306,order_6A8URL2PSV2305,netbanking,Payment captured
pay_ARBE2JXYHY2309,payment,0,203724,208646,INR,4172,750,setl_B8FJJ39EYV2283,8644224885w362,2026-08-14,2026-08-16,pay_ARBE2JXYHY2309,order_NC54Q7KWTY2308,netbanking,Payment captured
pay_HKRYBTL1YM2312,payment,0,26235,26868,INR,537,96,setl_B8FJJ39EYV2283,8644224885w362,2026-08-14,2026-08-16,pay_HKRYBTL1YM2312,order_J5SQQ7XNFG2311,netbanking,Payment captured
pay_0GJFW6Z3L32317,payment,0,8798192,9010846,INR,180216,32438,setl_CFQWGF6VYY2315,3938887772w564,2026-08-15,2026-08-17,pay_0GJFW6Z3L32317,order_J6MG25NR4S2316,wallet,Payment captured
pay_37DVXCXKJ22320,payment,0,13280,13600,INR,272,48,setl_CFQWGF6VYY2315,3938887772w564,2026-08-15,2026-08-17,pay_37DVXCXKJ22320,order_D3QF3RBRXE2319,netbanking,Payment captured
pay_CKMRGRSJ6Z2323,payment,0,227285,232777,INR,4655,837,setl_CFQWGF6VYY2315,3938887772w564,2026-08-15,2026-08-17,pay_CKMRGRSJ6Z2323,order_FUKDKZR1VZ2322,netbanking,Payment captured
pay_L66HGWB2KH2326,payment,0,641515,657020,INR,13140,2365,setl_CFQWGF6VYY2315,3938887772w564,2026-08-15,2026-08-17,pay_L66HGWB2KH2326,order_F9NVR3ZQFC2325,wallet,Payment captured
pay_AJ09R7CPVY2331,payment,0,953116,976153,INR,19523,3514,setl_W4P536HBYJ2329,8226044732p101,2026-08-16,2026-08-18,pay_AJ09R7CPVY2331,order_FZNDSTWDAM2330,netbanking,Payment captured
pay_8GCERJ4MED2334,payment,0,209536,214600,INR,4292,772,setl_W4P536HBYJ2329,8226044732p101,2026-08-16,2026-08-18,pay_8GCERJ4MED2334,order_PT25YVEKR32333,card,Payment captured
pay_2Q2ARF6R0A2337,payment,0,69822,71509,INR,1430,257,setl_W4P536HBYJ2329,8226044732p101,2026-08-16,2026-08-18,pay_2Q2ARF6R0A2337,order_LZRMCNE09H2336,netbanking,Payment captured
pay_BWGMP5A9ZF2340,payment,0,75442,77265,INR,1545,278,setl_W4P536HBYJ2329,8226044732p101,2026-08-16,2026-08-18,pay_BWGMP5A9ZF2340,order_GD6A5H3RTZ2339,emi,Payment captured
pay_H882K3RY1G2343,payment,0,96291,98617,INR,1972,354,setl_W4P536HBYJ2329,8226044732p101,2026-08-16,2026-08-18,pay_H882K3RY1G2343,order_0HM537FR442342,wallet,Payment captured
pay_VV10M73PPA2346,payment,0,149028,152629,INR,3052,549,setl_W4P536HBYJ2329,8226044732p101,2026-08-16,2026-08-18,pay_VV10M73PPA2346,order_96UCLJPU0E2345,card,Payment captured
pay_W0086BP0QA2349,payment,0,67709,69344,INR,1386,249,setl_W4P536HBYJ2329,8226044732p101,2026-08-16,2026-08-18,pay_W0086BP0QA2349,order_H12P2S6BS02348,card,Payment captured
pay_SD0KGF4LJ82352,payment,0,1691687,1732575,INR,34651,6237,setl_W4P536HBYJ2329,8226044732p101,2026-08-16,2026-08-18,pay_SD0KGF4LJ82352,order_HL6D0XQTEC2351,emi,Payment captured
pay_DWLJG7HHT22355,payment,0,1064144,1089864,INR,21797,3923,setl_W4P536HBYJ2329,8226044732p101,2026-08-16,2026-08-18,pay_DWLJG7HHT22355,order_D6X499S6U42354,card,Payment captured
pay_Y4M2G2V2P72358,payment,0,1646156,1685943,INR,33718,6069,setl_W4P536HBYJ2329,8226044732p101,2026-08-16,2026-08-18,pay_Y4M2G2V2P72358,order_W2RG2NGL5Z2357,upi,Payment captured
pay_QN2HRE69XT2361,payment,0,1560749,1598472,INR,31969,5754,setl_W4P536HBYJ2329,8226044732p101,2026-08-16,2026-08-18,pay_QN2HRE69XT2361,order_A7E37YNLH02360,emi,Payment captured
rfnd_X8QX2RHK6T2363,refund,836249,0,836249,INR,0,0,setl_W4P536HBYJ2329,8226044732p101,2026-08-17,2026-08-18,pay_EXN65XXV2X0702,order_KDR8D3YNNN0701,,Partial refund
rfnd_KKWXG4TEMW2364,refund,65082,0,65082,INR,0,0,setl_W4P536HBYJ2329,8226044732p101,2026-08-17,2026-08-18,pay_GLSGW0JXMW0742,order_QETZCEP2V70741,,Partial refund
pay_TCMG56NXF22368,payment,0,261868,268196,INR,5363,965,setl_1QSYSGPSWQ2366,5697904032m322,2026-08-17,2026-08-19,pay_TCMG56NXF22368,order_619XC3VZ5J2367,upi,Payment captured
pay_TG9QD2RMR32371,payment,0,44499,45573,INR,911,163,setl_1QSYSGPSWQ2366,5697904032m322,2026-08-17,2026-08-19,pay_TG9QD2RMR32371,order_H6QUAMVJLL2370,emi,Payment captured
pay_YFH83EX2TA2374,payment,0,798506,817806,INR,16356,2944,setl_1QSYSGPSWQ2366,5697904032m322,2026-08-17,2026-08-19,pay_YFH83EX2TA2374,order_KBLTRZAV422373,netbanking,Payment captured
pay_BNW0WTMMCM2377,payment,0,172530,176698,INR,3533,635,setl_1QSYSGPSWQ2366,5697904032m322,2026-08-17,2026-08-19,pay_BNW0WTMMCM2377,order_JVWFD8M0EE2376,card,Payment captured
pay_SC83ZUMURM2382,payment,0,164395,168368,INR,3367,606,setl_KUA03M8NT22380,1821693620z407,2026-08-18,2026-08-20,pay_SC83ZUMURM2382,order_QRSP6ZG9032381,emi,Payment captured
pay_PWG61XCS5H2385,payment,0,578051,592022,INR,11840,2131,setl_KUA03M8NT22380,1821693620z407,2026-08-18,2026-08-20,pay_PWG61XCS5H2385,order_9ZT6AR33UW2384,netbanking,Payment captured
pay_G5B3DFS4FF2388,payment,0,14067930,14407957,INR,288159,51868,setl_KUA03M8NT22380,1821693620z407,2026-08-18,2026-08-20,pay_G5B3DFS4FF2388,order_109334S5B22387,wallet,Payment captured
pay_SMPUPZ39WB2391,payment,0,93055,95304,INR,1906,343,setl_KUA03M8NT22380,1821693620z407,2026-08-18,2026-08-20,pay_SMPUPZ39WB2391,order_AXE83BG07U2390,upi,Payment captured
pay_CJXDRW73M02394,payment,0,191891,196528,INR,3930,707,setl_KUA03M8NT22380,1821693620z407,2026-08-18,2026-08-20,pay_CJXDRW73M02394,order_SM3E6LX4HV2393,wallet,Payment captured
pay_FPAU8ZK75Y2397,payment,0,140755,144156,INR,2883,518,setl_KUA03M8NT22380,1821693620z407,2026-08-18,2026-08-20,pay_FPAU8ZK75Y2397,order_YQBFBFK40X2396,card,Payment captured
pay_GEKNQZ42F62400,payment,0,685641,702212,INR,14044,2527,setl_KUA03M8NT22380,1821693620z407,2026-08-18,2026-08-20,pay_GEKNQZ42F62400,order_SVUPS180RQ2399,wallet,Payment captured
pay_S7ZTURU8XJ2403,payment,0,115500,118290,INR,2365,425,setl_KUA03M8NT22380,1821693620z407,2026-08-18,2026-08-20,pay_S7ZTURU8XJ2403,order_J0R14WC8772402,wallet,Payment captured
pay_4YNVFEW6PP2406,payment,0,820296,840122,INR,16802,3024,setl_KUA03M8NT22380,1821693620z407,2026-08-18,2026-08-20,pay_4YNVFEW6PP2406,order_BSKB625YFV2405,emi,Payment captured
pay_MNJ23CACS52409,payment,0,200320,205161,INR,4103,738,setl_KUA03M8NT22380,1821693620z407,2026-08-18,2026-08-20,pay_MNJ23CACS52409,order_USXR9X3ZRX2408,emi,Payment captured
pay_T13EVV643F2412,payment,0,1468302,1503790,INR,30075,5413,setl_KUA03M8NT22380,1821693620z407,2026-08-18,2026-08-20,pay_T13EVV643F2412,order_81WFFGW8P42411,emi,Payment captured
pay_TLQQAMM73U2415,payment,0,1694191,1735139,INR,34702,6246,setl_KUA03M8NT22380,1821693620z407,2026-08-18,2026-08-20,pay_TLQQAMM73U2415,order_BZJZ1XZB9E2414,upi,Payment captured
pay_FS58XLS5VV2418,payment,0,65026,66596,INR,1331,239,setl_KUA03M8NT22380,1821693620z407,2026-08-18,2026-08-20,pay_FS58XLS5VV2418,order_F00CV7V4RP2417,emi,Payment captured
pay_FPZE8NAKY82421,payment,0,67426,69055,INR,1381,248,setl_KUA03M8NT22380,1821693620z407,2026-08-18,2026-08-20,pay_FPZE8NAKY82421,order_YF22V76VGP2420,card,Payment captured
pay_Z5RDGME8WK2426,payment,0,645601,661205,INR,13224,2380,setl_9H05YMPPGQ2424,3456462224r833,2026-08-19,2026-08-21,pay_Z5RDGME8WK2426,order_ES0NSJMVLG2425,upi,Payment captured
pay_VUA44FGD2Z2429,payment,0,173765,177964,INR,3559,640,setl_9H05YMPPGQ2424,3456462224r833,2026-08-19,2026-08-21,pay_VUA44FGD2Z2429,order_YZNDEWQCND2428,upi,Payment captured
pay_FGB2G00FBD2432,payment,0,1763428,1806050,INR,36121,6501,setl_9H05YMPPGQ2424,3456462224r833,2026-08-19,2026-08-21,pay_FGB2G00FBD2432,order_MGK2TXKD2V2431,card,Payment captured
pay_T7FAAYQJY72435,payment,0,31096,31846,INR,636,114,setl_9H05YMPPGQ2424,3456462224r833,2026-08-19,2026-08-21,pay_T7FAAYQJY72435,order_7Y1L00KB9N2434,netbanking,Payment captured
pay_XCBSF88X312440,payment,0,212205,217333,INR,4346,782,setl_XMCX8BK91B2438,8756769446b394,2026-08-20,2026-08-22,pay_XCBSF88X312440,order_MSA2YV6S412439,emi,Payment captured
pay_D2JJBFGN0A2443,payment,0,1331086,1363258,INR,27265,4907,setl_XMCX8BK91B2438,8756769446b394,2026-08-20,2026-08-22,pay_D2JJBFGN0A2443,order_8840Y3REP02442,netbanking,Payment captured
pay_5DZQV4JRYF2446,payment,0,194219,198913,INR,3978,716,setl_XMCX8BK91B2438,8756769446b394,2026-08-20,2026-08-22,pay_5DZQV4JRYF2446,order_S9WRLUVEHS2445,emi,Payment captured
pay_L9LAH9PKRZ2449,payment,0,140342,143733,INR,2874,517,setl_XMCX8BK91B2438,8756769446b394,2026-08-20,2026-08-22,pay_L9LAH9PKRZ2449,order_9192X0KLZM2448,wallet,Payment captured
pay_XKFQYNF6WY2452,payment,0,1272808,1303571,INR,26071,4692,setl_XMCX8BK91B2438,8756769446b394,2026-08-20,2026-08-22,pay_XKFQYNF6WY2452,order_B1TWQ6TTW62451,emi,Payment captured
pay_QT2YWEY3VH2455,payment,0,236783,242506,INR,4850,873,setl_XMCX8BK91B2438,8756769446b394,2026-08-20,2026-08-22,pay_QT2YWEY3VH2455,order_L34WHH73SX2454,card,Payment captured
pay_J9TPVL602D2458,payment,0,37888,38803,INR,776,139,setl_XMCX8BK91B2438,8756769446b394,2026-08-20,2026-08-22,pay_J9TPVL602D2458,order_1NCFW6KMTK2457,card,Payment captured
pay_7GYWST2BYR2461,payment,0,11020634,11287007,INR,225740,40633,setl_XMCX8BK91B2438,8756769446b394,2026-08-20,2026-08-22,pay_7GYWST2BYR2461,order_AEXQ4RZ9112460,upi,Payment captured
pay_K8ZCLFYWPR2464,payment,0,1778590,1821578,INR,36431,6557,setl_XMCX8BK91B2438,8756769446b394,2026-08-20,2026-08-22,pay_K8ZCLFYWPR2464,order_P1VEGK9Y242463,wallet,Payment captured
pay_6XFG8E56ZZ2467,payment,0,165120,169110,INR,3382,608,setl_XMCX8BK91B2438,8756769446b394,2026-08-20,2026-08-22,pay_6XFG8E56ZZ2467,order_Z168TU1A4B2466,wallet,Payment captured
pay_Y0WC6BZWVS2470,payment,0,12107757,12400406,INR,248008,44641,setl_XMCX8BK91B2438,8756769446b394,2026-08-20,2026-08-22,pay_Y0WC6BZWVS2470,order_M9R9X6T4432469,card,Payment captured
pay_55HDDHHXS52473,payment,0,1943798,1990779,INR,39815,7166,setl_XMCX8BK91B2438,8756769446b394,2026-08-20,2026-08-22,pay_55HDDHHXS52473,order_TD71RVHYPZ2472,netbanking,Payment captured
pay_K9SHN2LRPV2478,payment,0,208097,213126,INR,4262,767,setl_G1XZ5PWKRK2476,7598816421l457,2026-08-21,2026-08-23,pay_K9SHN2LRPV2478,order_Y7V7Z8G21C2477,netbanking,Payment captured
pay_7UZ1CH5BN02481,payment,0,1252982,1283266,INR,25665,4619,setl_G1XZ5PWKRK2476,7598816421l457,2026-08-21,2026-08-23,pay_7UZ1CH5BN02481,order_7RUHYWXC9P2480,wallet,Payment captured
pay_KHZR341RYN2484,payment,0,212022,217145,INR,4342,781,setl_G1XZ5PWKRK2476,7598816421l457,2026-08-21,2026-08-23,pay_KHZR341RYN2484,order_TC73M9WWG12483,wallet,Payment captured
pay_TND5VL7VQ32487,payment,0,146343,149879,INR,2997,539,setl_G1XZ5PWKRK2476,7598816421l457,2026-08-21,2026-08-23,pay_TND5VL7VQ32487,order_PTFPQYGNAE2486,card,Payment captured
pay_8MXM2R6SEK2490,payment,0,1611037,1649975,INR,32999,5939,setl_G1XZ5PWKRK2476,7598816421l457,2026-08-21,2026-08-23,pay_8MXM2R6SEK2490,order_AD5QZ3ZK0B2489,upi,Payment captured
pay_1W4ST0ZPMZ2493,payment,0,178003,182305,INR,3646,656,setl_G1XZ5PWKRK2476,7598816421l457,2026-08-21,2026-08-23,pay_1W4ST0ZPMZ2493,order_LWL0FG7KXV2492,wallet,Payment captured
pay_8VGT7FS0JL2496,payment,0,5025604,5147074,INR,102941,18529,setl_G1XZ5PWKRK2476,7598816421l457,2026-08-21,2026-08-23,pay_8VGT7FS0JL2496,order_8BXKDPGP432495,upi,Payment captured
pay_56CA263GR52499,payment,0,123034,126007,INR,2520,453,setl_G1XZ5PWKRK2476,7598816421l457,2026-08-21,2026-08-23,pay_56CA263GR52499,order_LP0ANA861U2498,upi,Payment captured
pay_CQL0VX1S352502,payment,0,20364,20856,INR,417,75,setl_G1XZ5PWKRK2476,7598816421l457,2026-08-21,2026-08-23,pay_CQL0VX1S352502,order_U991DVG80Q2501,emi,Payment captured
pay_EZGN1K15A52505,payment,0,154170,157895,INR,3157,568,setl_G1XZ5PWKRK2476,7598816421l457,2026-08-21,2026-08-23,pay_EZGN1K15A52505,order_7AQVJXH4DH2504,card,Payment captured
pay_AKQNZQ8VNF2508,payment,0,10549,10803,INR,216,38,setl_G1XZ5PWKRK2476,7598816421l457,2026-08-21,2026-08-23,pay_AKQNZQ8VNF2508,order_JMH3B85ZT82507,netbanking,Payment captured
pay_NFXZ86AQX52511,payment,0,65381,66961,INR,1339,241,setl_G1XZ5PWKRK2476,7598816421l457,2026-08-21,2026-08-23,pay_NFXZ86AQX52511,order_YHBLFVDFKR2510,emi,Payment captured
pay_RCQQMS24X72516,payment,0,25189,25796,INR,515,92,setl_SQWPR40SH52514,7028896395o986,2026-08-22,2026-08-24,pay_RCQQMS24X72516,order_A0TQVW5QF62515,upi,Payment captured
pay_62HGGD661V2519,payment,0,97829,100192,INR,2003,360,setl_SQWPR40SH52514,7028896395o986,2026-08-22,2026-08-24,pay_62HGGD661V2519,order_0BXUL6D5ZV2518,card,Payment captured
pay_09Y2A30M2E2522,payment,0,184517,188976,INR,3779,680,setl_SQWPR40SH52514,7028896395o986,2026-08-22,2026-08-24,pay_09Y2A30M2E2522,order_PU8XTBPA8S2521,emi,Payment captured
pay_FD4RYHJ2MM2525,payment,0,20130,20616,INR,412,74,setl_SQWPR40SH52514,7028896395o986,2026-08-22,2026-08-24,pay_FD4RYHJ2MM2525,order_P2K0Q75M4E2524,card,Payment captured
pay_A1YJNX41WJ2528,payment,0,160525,164404,INR,3288,591,setl_SQWPR40SH52514,7028896395o986,2026-08-22,2026-08-24,pay_A1YJNX41WJ2528,order_QST0B1B0SQ2527,netbanking,Payment captured
pay_LZYVK9AWR42531,payment,0,236389,242102,INR,4842,871,setl_SQWPR40SH52514,7028896395o986,2026-08-22,2026-08-24,pay_LZYVK9AWR42531,order_XU6XRGH9AS2530,emi,Payment captured
pay_FW12PJ696L2534,payment,0,183394,187826,INR,3756,676,setl_SQWPR40SH52514,7028896395o986,2026-08-22,2026-08-24,pay_FW12PJ696L2534,order_MCQJLHRE6C2533,emi,Payment captured
pay_A6ABWFCM972537,payment,0,1214465,1243818,INR,24876,4477,setl_SQWPR40SH52514,7028896395o986,2026-08-22,2026-08-24,pay_A6ABWFCM972537,order_1VVH3ARNM82536,netbanking,Payment captured
pay_2J5WBGYL142540,payment,0,79183,81095,INR,1621,291,setl_SQWPR40SH52514,7028896395o986,2026-08-22,2026-08-24,pay_2J5WBGYL142540,order_E1T97JEDT12539,emi,Payment captured
pay_3DFSX4KQJ12543,payment,0,5042953,5164842,INR,103296,18593,setl_SQWPR40SH52514,7028896395o986,2026-08-22,2026-08-24,pay_3DFSX4KQJ12543,order_NAZ87KRP1A2542,upi,Payment captured
pay_HKYJRQK4AT2546,payment,0,1402044,1435931,INR,28718,5169,setl_SQWPR40SH52514,7028896395o986,2026-08-22,2026-08-24,pay_HKYJRQK4AT2546,order_376JBJYEJC2545,upi,Payment captured
pay_VMV5R2L0JY2549,payment,0,63677,65215,INR,1304,234,setl_SQWPR40SH52514,7028896395o986,2026-08-22,2026-08-24,pay_VMV5R2L0JY2549,order_4FULB5X5VH2548,wallet,Payment captured
pay_L0Z6HX1VQ92552,payment,0,235388,241076,INR,4821,867,setl_SQWPR40SH52514,7028896395o986,2026-08-22,2026-08-24,pay_L0Z6HX1VQ92552,order_SVNVNXV5972551,emi,Payment captured
pay_2JUL10JJZS2555,payment,0,347640,356041,INR,7120,1281,setl_SQWPR40SH52514,7028896395o986,2026-08-22,2026-08-24,pay_2JUL10JJZS2555,order_BDUAE2Y6Q62554,netbanking,Payment captured
pay_6FYRBLL3LV2560,payment,0,198299,203090,INR,4061,730,setl_S7X2AAE9TJ2558,4423884357g437,2026-08-23,2026-08-25,pay_6FYRBLL3LV2560,order_T4VLLRW2262559,upi,Payment captured
pay_WWSDUMRH172563,payment,0,225293,230737,INR,4614,830,setl_S7X2AAE9TJ2558,4423884357g437,2026-08-23,2026-08-25,pay_WWSDUMRH172563,order_52EVVK487R2562,emi,Payment captured
pay_5NR8GQRB6Q2566,payment,0,14588,14939,INR,298,53,setl_S7X2AAE9TJ2558,4423884357g437,2026-08-23,2026-08-25,pay_5NR8GQRB6Q2566,order_TWPMYM86QX2565,card,Payment captured
pay_YCWE1DJRJW2569,payment,0,203723,208645,INR,4172,750,setl_S7X2AAE9TJ2558,4423884357g437,2026-08-23,2026-08-25,pay_YCWE1DJRJW2569,order_6SBZN5LDRQ2568,upi,Payment captured
pay_JWQ8C79EFR2572,payment,0,48652,49827,INR,996,179,setl_S7X2AAE9TJ2558,4423884357g437,2026-08-23,2026-08-25,pay_JWQ8C79EFR2572,order_VX1VEFLZZF2571,wallet,Payment captured
pay_2RB3H2JEZ32575,payment,0,887187,908629,INR,18172,3270,setl_S7X2AAE9TJ2558,4423884357g437,2026-08-23,2026-08-25,pay_2RB3H2JEZ32575,order_Y7H13QM8JT2574,netbanking,Payment captured
pay_3B8CCGCFU22578,payment,0,90138,92316,INR,1846,332,setl_S7X2AAE9TJ2558,4423884357g437,2026-08-23,2026-08-25,pay_3B8CCGCFU22578,order_08Y245EVNP2577,upi,Payment captured
pay_F9Y2CYC0X12581,payment,0,238962,244736,INR,4894,880,setl_S7X2AAE9TJ2558,4423884357g437,2026-08-23,2026-08-25,pay_F9Y2CYC0X12581,order_1H0R9H286Y2580,card,Payment captured
pay_B59QBQD1492584,payment,0,1726612,1768343,INR,35366,6365,setl_S7X2AAE9TJ2558,4423884357g437,2026-08-23,2026-08-25,pay_B59QBQD1492584,order_HU4KN5PY2U2583,wallet,Payment captured
pay_7GF3VY3CYZ2587,payment,0,154103,157827,INR,3156,568,setl_S7X2AAE9TJ2558,4423884357g437,2026-08-23,2026-08-25,pay_7GF3VY3CYZ2587,order_C309824ZEX2586,upi,Payment captured
pay_RBNG076GL22590,payment,0,519927,532492,INR,10649,1916,setl_S7X2AAE9TJ2558,4423884357g437,2026-08-23,2026-08-25,pay_RBNG076GL22590,order_Y9Y3XPR6662589,card,Payment captured
pay_715R986JV02593,payment,0,6704555,6866606,INR,137332,24719,setl_S7X2AAE9TJ2558,4423884357g437,2026-08-23,2026-08-25,pay_715R986JV02593,order_XWBDXUC8CP2592,upi,Payment captured
pay_42WT20K87N2596,payment,0,30008,30732,INR,614,110,setl_S7X2AAE9TJ2558,4423884357g437,2026-08-23,2026-08-25,pay_42WT20K87N2596,order_UQWLVQB7TG2595,wallet,Payment captured
pay_0N2FWJ61WU2601,payment,0,191304,195927,INR,3918,705,setl_GMZFZ9CSG92599,5346388237c522,2026-08-24,2026-08-26,pay_0N2FWJ61WU2601,order_HMPJ79UT7C2600,card,Payment captured
pay_CK00HSHR2A2604,payment,0,744377,762368,INR,15247,2744,setl_GMZFZ9CSG92599,5346388237c522,2026-08-24,2026-08-26,pay_CK00HSHR2A2604,order_5R5EVZCQEH2603,netbanking,Payment captured
pay_FTFNE9GHGV2607,payment,0,1018864,1043489,INR,20869,3756,setl_GMZFZ9CSG92599,5346388237c522,2026-08-24,2026-08-26,pay_FTFNE9GHGV2607,order_KV72PUECQS2606,netbanking,Payment captured
pay_59PEBNGSY02610,payment,0,138242,141582,INR,2831,509,setl_GMZFZ9CSG92599,5346388237c522,2026-08-24,2026-08-26,pay_59PEBNGSY02610,order_Z2ATD05GU82609,wallet,Payment captured
pay_GQ1UFM1VEA2613,payment,0,300046,307297,INR,6145,1106,setl_GMZFZ9CSG92599,5346388237c522,2026-08-24,2026-08-26,pay_GQ1UFM1VEA2613,order_QP4SS94AQR2612,netbanking,Payment captured
pay_LWQ1C0UBDT2616,payment,0,111174,113860,INR,2277,409,setl_GMZFZ9CSG92599,5346388237c522,2026-08-24,2026-08-26,pay_LWQ1C0UBDT2616,order_RFCFB1XU2G2615,netbanking,Payment captured
pay_47Q6WVNNC42619,payment,0,129276,132399,INR,2647,476,setl_GMZFZ9CSG92599,5346388237c522,2026-08-24,2026-08-26,pay_47Q6WVNNC42619,order_AR1GBD55AE2618,emi,Payment captured
pay_QQ9V2XZLQG2622,payment,0,33426,34233,INR,684,123,setl_GMZFZ9CSG92599,5346388237c522,2026-08-24,2026-08-26,pay_QQ9V2XZLQG2622,order_TUUFYX34TQ2621,wallet,Payment captured
pay_3KT87KNY902625,payment,0,956652,979774,INR,19595,3527,setl_GMZFZ9CSG92599,5346388237c522,2026-08-24,2026-08-26,pay_3KT87KNY902625,order_P0H65RG5PV2624,netbanking,Payment captured
pay_6QW5JHH0JX2628,payment,0,1863862,1908912,INR,38178,6872,setl_GMZFZ9CSG92599,5346388237c522,2026-08-24,2026-08-26,pay_6QW5JHH0JX2628,order_H604C3AZZG2627,upi,Payment captured
pay_SS8FJFQAD82633,payment,0,1874595,1919904,INR,38398,6911,setl_11KZWJDXBM2631,1230192908b782,2026-08-25,2026-08-27,pay_SS8FJFQAD82633,order_HDFW3E2E5N2632,card,Payment captured
pay_EJJE9JJB2P2636,payment,0,77162,79026,INR,1580,284,setl_11KZWJDXBM2631,1230192908b782,2026-08-25,2026-08-27,pay_EJJE9JJB2P2636,order_S9H75R2ZW22635,card,Payment captured
pay_3TARKQEQMX2639,payment,0,76676,78528,INR,1570,282,setl_11KZWJDXBM2631,1230192908b782,2026-08-25,2026-08-27,pay_3TARKQEQMX2639,order_H3R38NWE252638,emi,Payment captured
pay_TR338HHEVQ2642,payment,0,1406497,1440491,INR,28809,5185,setl_11KZWJDXBM2631,1230192908b782,2026-08-25,2026-08-27,pay_TR338HHEVQ2642,order_WLMWM2SSV92641,upi,Payment captured
pay_GKBT0R5LH22645,payment,0,893748,915350,INR,18307,3295,setl_11KZWJDXBM2631,1230192908b782,2026-08-25,2026-08-27,pay_GKBT0R5LH22645,order_YD0L696DLY2644,upi,Payment captured
rfnd_MWY75Q5NY72647,refund,221129,0,221129,INR,0,0,setl_11KZWJDXBM2631,1230192908b782,2026-08-22,2026-08-27,pay_BQNH9P2FEN1797,order_5NSUPCXQ781796,,Full refund
pay_8KLSJ85QLH2651,payment,0,6730622,6893303,INR,137866,24815,setl_P15AP93KY12649,2851511774d264,2026-08-26,2026-08-28,pay_8KLSJ85QLH2651,order_LPPBACZ1RC2650,netbanking,Payment captured
pay_UJ6SE3L73P2654,payment,0,839168,859449,INR,17188,3093,setl_P15AP93KY12649,2851511774d264,2026-08-26,2026-08-28,pay_UJ6SE3L73P2654,order_YKMA6JAE4B2653,netbanking,Payment captured
pay_AP2A4JJRWC2657,payment,0,310365,317866,INR,6357,1144,setl_P15AP93KY12649,2851511774d264,2026-08-26,2026-08-28,pay_AP2A4JJRWC2657,order_8HVSJJ3MPD2656,netbanking,Payment captured
pay_306VARPASZ2660,payment,0,1420104,1454427,INR,29088,5235,setl_P15AP93KY12649,2851511774d264,2026-08-26,2026-08-28,pay_306VARPASZ2660,order_H3KBH21QH32659,upi,Payment captured
pay_K2L9AJUGHY2663,payment,0,149572,153186,INR,3063,551,setl_P15AP93KY12649,2851511774d264,2026-08-26,2026-08-28,pay_K2L9AJUGHY2663,order_UUXBGXG72V2662,netbanking,Payment captured
pay_RYTDV71MXN2666,payment,0,188358,192910,INR,3858,694,setl_P15AP93KY12649,2851511774d264,2026-08-26,2026-08-28,pay_RYTDV71MXN2666,order_RLJDW8N54V2665,wallet,Payment captured
pay_BSY8A6H3EV2669,payment,0,1192181,1220995,INR,24419,4395,setl_P15AP93KY12649,2851511774d264,2026-08-26,2026-08-28,pay_BSY8A6H3EV2669,order_4M1CQF4TBR2668,netbanking,Payment captured
pay_X52K4SWGF02672,payment,0,1151121,1178943,INR,23578,4244,setl_P15AP93KY12649,2851511774d264,2026-08-26,2026-08-28,pay_X52K4SWGF02672,order_W47FGN4QBV2671,card,Payment captured
pay_J89QA7T0GH2675,payment,0,191223,195843,INR,3916,704,setl_P15AP93KY12649,2851511774d264,2026-08-26,2026-08-28,pay_J89QA7T0GH2675,order_90DA8NT53E2674,emi,Payment captured
pay_1L3J0XUQV42680,payment,0,1734791,1776723,INR,35534,6398,setl_R51RDAA6R72678,7817768877t696,2026-08-27,2026-08-29,pay_1L3J0XUQV42680,order_VTW5SVTHC42679,netbanking,Payment captured
pay_X2E069VPVC2683,payment,0,12384894,12684241,INR,253684,45663,setl_R51RDAA6R72678,7817768877t696,2026-08-27,2026-08-29,pay_X2E069VPVC2683,order_D53Z8W48Q72682,netbanking,Payment captured
pay_WUARN2XJXC2686,payment,0,1558530,1596200,INR,31924,5746,setl_R51RDAA6R72678,7817768877t696,2026-08-27,2026-08-29,pay_WUARN2XJXC2686,order_A78P0LKNN82685,netbanking,Payment captured
pay_RT67EU3XCR2689,payment,0,1699854,1740939,INR,34818,6267,setl_R51RDAA6R72678,7817768877t696,2026-08-27,2026-08-29,pay_RT67EU3XCR2689,order_XHU4KSDNJJ2688,upi,Payment captured
pay_GRFK6A2WB42692,payment,0,28516,29205,INR,584,105,setl_R51RDAA6R72678,7817768877t696,2026-08-27,2026-08-29,pay_GRFK6A2WB42692,order_N2VSZT61HL2691,netbanking,Payment captured
pay_J2PX3A777V2695,payment,0,187551,192083,INR,3841,691,setl_R51RDAA6R72678,7817768877t696,2026-08-27,2026-08-29,pay_J2PX3A777V2695,order_YRASZZWXXD2694,upi,Payment captured
pay_4ZXB1G5C352698,payment,0,187373,191901,INR,3838,690,setl_R51RDAA6R72678,7817768877t696,2026-08-27,2026-08-29,pay_4ZXB1G5C352698,order_R10K3BMMKD2697,netbanking,Payment captured
pay_EL0KHAXQB62701,payment,0,1180078,1208599,INR,24171,4350,setl_R51RDAA6R72678,7817768877t696,2026-08-27,2026-08-29,pay_EL0KHAXQB62701,order_36LH0MENRQ2700,wallet,Payment captured
pay_D1NKL9BFL22704,payment,0,81266,83229,INR,1664,299,setl_R51RDAA6R72678,7817768877t696,2026-08-27,2026-08-29,pay_D1NKL9BFL22704,order_M5DWUW74LK2703,wallet,Payment captured
pay_5P45S67SA42707,payment,0,225859,231317,INR,4626,832,setl_R51RDAA6R72678,7817768877t696,2026-08-27,2026-08-29,pay_5P45S67SA42707,order_2B3S4KSXMZ2706,card,Payment captured
pay_K1E0SH4BAX2710,payment,0,10371944,10622635,INR,212452,38239,setl_R51RDAA6R72678,7817768877t696,2026-08-27,2026-08-29,pay_K1E0SH4BAX2710,order_85KVK19DJ82709,upi,Payment captured
pay_HMSJZRZTF12713,payment,0,396181,405756,INR,8115,1460,setl_R51RDAA6R72678,7817768877t696,2026-08-27,2026-08-29,pay_HMSJZRZTF12713,order_10V6ZEK59N2712,upi,Payment captured
pay_6UDUQQ3Z402716,payment,0,1840139,1884613,INR,37692,6782,setl_R51RDAA6R72678,7817768877t696,2026-08-27,2026-08-29,pay_6UDUQQ3Z402716,order_17GZLC65GD2715,emi,Payment captured
pay_SLDUF1UHYP2721,payment,0,927533,949951,INR,18999,3419,setl_QMCFAM6Z6T2719,8079919564v809,2026-08-28,2026-08-30,pay_SLDUF1UHYP2721,order_Q3W4VSLYK02720,wallet,Payment captured
pay_5VCZ9V198F2724,payment,0,1053888,1079360,INR,21587,3885,setl_QMCFAM6Z6T2719,8079919564v809,2026-08-28,2026-08-30,pay_5VCZ9V198F2724,order_40H0A9WX7F2723,netbanking,Payment captured
pay_ZRWK4GGHFD2727,payment,0,1623896,1663145,INR,33262,5987,setl_QMCFAM6Z6T2719,8079919564v809,2026-08-28,2026-08-30,pay_ZRWK4GGHFD2727,order_Y4SSXB3PMS2726,upi,Payment captured
pay_KK2SKY7JAX2730,payment,0,221281,226628,INR,4532,815,setl_QMCFAM6Z6T2719,8079919564v809,2026-08-28,2026-08-30,pay_KK2SKY7JAX2730,order_2H8PD5NTAC2729,netbanking,Payment captured
pay_6S6MFS3F5M2733,payment,0,1349493,1382110,INR,27642,4975,setl_QMCFAM6Z6T2719,8079919564v809,2026-08-28,2026-08-30,pay_6S6MFS3F5M2733,order_T4V0AUMR5G2732,emi,Payment captured
pay_4UERTAHJP22736,payment,0,10445999,10698482,INR,213969,38514,setl_QMCFAM6Z6T2719,8079919564v809,2026-08-28,2026-08-30,pay_4UERTAHJP22736,order_5956XUTX8S2735,card,Payment captured
pay_2HEZ21JJRD2739,payment,0,16633,17034,INR,340,61,setl_QMCFAM6Z6T2719,8079919564v809,2026-08-28,2026-08-30,pay_2HEZ21JJRD2739,order_HKT9UU6R3Y2738,wallet,Payment captured
pay_E2LUV5Y2NE2742,payment,0,190514,195118,INR,3902,702,setl_QMCFAM6Z6T2719,8079919564v809,2026-08-28,2026-08-30,pay_E2LUV5Y2NE2742,order_J4VRRDP4M72741,wallet,Payment captured
pay_WUF9BL9MXJ2745,payment,0,188057,192602,INR,3852,693,setl_QMCFAM6Z6T2719,8079919564v809,2026-08-28,2026-08-30,pay_WUF9BL9MXJ2745,order_VY8X810QY32744,netbanking,Payment captured
pay_3UJ460J3XM2749,payment,0,167566,171615,INR,3432,617,setl_M8LU4CXKCR2747,9930278372h959,2026-08-28,2026-08-30,pay_3UJ460J3XM2749,order_5FLPLBP3092748,wallet,Payment captured
pay_Z6RX3MNJ472752,payment,0,67640,69274,INR,1385,249,setl_M8LU4CXKCR2747,9930278372h959,2026-08-28,2026-08-30,pay_Z6RX3MNJ472752,order_T4FA2MQQTY2751,upi,Payment captured
pay_KXXXU29Q452755,payment,0,9525571,9755807,INR,195116,35120,setl_M8LU4CXKCR2747,9930278372h959,2026-08-28,2026-08-30,pay_KXXXU29Q452755,order_QJLY4BVLSC2754,wallet,Payment captured
pay_37QPMMELUX2758,payment,0,1186505,1215182,INR,24303,4374,setl_M8LU4CXKCR2747,9930278372h959,2026-08-28,2026-08-30,pay_37QPMMELUX2758,order_Q91X0AVT8S2757,emi,Payment captured
pay_DFJDQR8BHR2761,payment,0,1631368,1670797,INR,33415,6014,setl_M8LU4CXKCR2747,9930278372h959,2026-08-28,2026-08-30,pay_DFJDQR8BHR2761,order_TL2TC72BWP2760,netbanking,Payment captured
pay_W15BJ47L852764,payment,0,1366452,1399479,INR,27989,5038,setl_M8LU4CXKCR2747,9930278372h959,2026-08-28,2026-08-30,pay_W15BJ47L852764,order_ECBHZPP5TN2763,netbanking,Payment captured
pay_HV8ZUEQYLW2767,payment,0,1496460,1532629,INR,30652,5517,setl_M8LU4CXKCR2747,9930278372h959,2026-08-28,2026-08-30,pay_HV8ZUEQYLW2767,order_ZZBXWR0JF42766,netbanking,Payment captured
pay_PCJ60S5NB82770,payment,0,26843,27490,INR,549,98,setl_M8LU4CXKCR2747,9930278372h959,2026-08-28,2026-08-30,pay_PCJ60S5NB82770,order_MFVZ7UUWKD2769,netbanking,Payment captured
pay_CZLY6WDBU62773,payment,0,189408,193985,INR,3879,698,setl_M8LU4CXKCR2747,9930278372h959,2026-08-28,2026-08-30,pay_CZLY6WDBU62773,order_MN3QUBSFMF2772,emi,Payment captured
pay_L9D9E02VZL2778,payment,0,52008,53264,INR,1065,191,setl_P3M532FM7R2776,1551568957y219,2026-08-29,2026-08-31,pay_L9D9E02VZL2778,order_FP8FQCFUVC2777,wallet,Payment captured
pay_E6FAPFH86U2781,payment,0,13862971,14198043,INR,283960,51112,setl_P3M532FM7R2776,1551568957y219,2026-08-29,2026-08-31,pay_E6FAPFH86U2781,order_PG4KQ317DV2780,netbanking,Payment captured
pay_5YKY5KQE0P2784,payment,0,1124302,1151476,INR,23029,4145,setl_P3M532FM7R2776,1551568957y219,2026-08-29,2026-08-31,pay_5YKY5KQE0P2784,order_B7ES961YD72783,wallet,Payment captured
pay_T111RJRP5D2787,payment,0,2460242,2519706,INR,50394,9070,setl_P3M532FM7R2776,1551568957y219,2026-08-29,2026-08-31,pay_T111RJRP5D2787,order_N0PD315BAY2786,upi,Payment captured
pay_U9NLR5XA7M2790,payment,0,649333,665027,INR,13300,2394,setl_P3M532FM7R2776,1551568957y219,2026-08-29,2026-08-31,pay_U9NLR5XA7M2790,order_RMPVPB1X7U2789,card,Payment captured
pay_7N1NKRBCSR2793,payment,0,478205,489763,INR,9795,1763,setl_P3M532FM7R2776,1551568957y219,2026-08-29,2026-08-31,pay_7N1NKRBCSR2793,order_2BPV9LR37P2792,wallet,Payment captured
pay_BN0EF9L1BX2799,payment,0,1700681,1741786,INR,34835,6270,setl_Y8VA8GHTSF2797,6883553113f657,2026-08-30,2026-09-01,pay_BN0EF9L1BX2799,order_P0EE20HGV02798,wallet,Payment captured
pay_TXY23BAQAF2802,payment,0,75061,76874,INR,1537,276,setl_Y8VA8GHTSF2797,6883553113f657,2026-08-30,2026-09-01,pay_TXY23BAQAF2802,order_Q74FTBNUTW2801,netbanking,Payment captured
pay_BNSBF2ZCHE2805,payment,0,1657939,1698011,INR,33960,6112,setl_Y8VA8GHTSF2797,6883553113f657,2026-08-30,2026-09-01,pay_BNSBF2ZCHE2805,order_G4P09QZDW42804,wallet,Payment captured
pay_SU03XUJF6Y2808,payment,0,313571,321148,INR,6422,1155,setl_Y8VA8GHTSF2797,6883553113f657,2026-08-30,2026-09-01,pay_SU03XUJF6Y2808,order_A2M7XXHVMY2807,upi,Payment captured
pay_2PQL3T87FC2811,payment,0,1159054,1187068,INR,23741,4273,setl_Y8VA8GHTSF2797,6883553113f657,2026-08-30,2026-09-01,pay_2PQL3T87FC2811,order_PTV5UWMQWH2810,wallet,Payment captured
pay_E95C9TEA7H2816,payment,0,8743756,8955095,INR,179101,32238,setl_YKNP6L6Y172814,3382826518v313,2026-08-31,2026-09-02,pay_E95C9TEA7H2816,order_W0T56GFX9J2815,upi,Payment captured
pay_XMR76U75AD2819,payment,0,10222678,10469764,INR,209395,37691,setl_YKNP6L6Y172814,3382826518v313,2026-08-31,2026-09-02,pay_XMR76U75AD2819,order_RD5ZVMV7P92818,emi,Payment captured
pay_3ZPPZ5E2V12822,payment,0,1371545,1404694,INR,28093,5056,setl_YKNP6L6Y172814,3382826518v313,2026-08-31,2026-09-02,pay_3ZPPZ5E2V12822,order_LL16D212BK2821,upi,Payment captured
pay_C8RT8TK37V2825,payment,0,1242167,1272189,INR,25443,4579,setl_YKNP6L6Y172814,3382826518v313,2026-08-31,2026-09-02,pay_C8RT8TK37V2825,order_9D9823QLC72824,wallet,Payment captured
pay_XF38XKKT512831,payment,0,104683,107212,INR,2144,385,setl_JKDM3M1QDP2829,8486951364v361,2026-09-01,2026-09-03,pay_XF38XKKT512831,order_4QRAC5SC0Q2830,card,Payment captured
pay_KY1L9Q5JQ72834,payment,0,206004,210982,INR,4219,759,setl_JKDM3M1QDP2829,8486951364v361,2026-09-01,2026-09-03,pay_KY1L9Q5JQ72834,order_2PNJ73QPSJ2833,upi,Payment captured
pay_NQNH8PTZ1F2837,payment,0,159163,163009,INR,3260,586,setl_JKDM3M1QDP2829,8486951364v361,2026-09-01,2026-09-03,pay_NQNH8PTZ1F2837,order_VKPSCP4ATN2836,netbanking,Payment captured
pay_VKGZ7Q5L3U2840,payment,0,1651013,1690918,INR,33818,6087,setl_JKDM3M1QDP2829,8486951364v361,2026-09-01,2026-09-03,pay_VKGZ7Q5L3U2840,order_H620B0UZYV2839,emi,Payment captured
pay_FZBRLG8Z2Y2843,payment,0,195448,200171,INR,4003,720,setl_JKDM3M1QDP2829,8486951364v361,2026-09-01,2026-09-03,pay_FZBRLG8Z2Y2843,order_J9PCQ559PP2842,wallet,Payment captured
pay_3RKYFAQ9XM2846,payment,0,1815502,1859382,INR,37187,6693,setl_JKDM3M1QDP2829,8486951364v361,2026-09-01,2026-09-03,pay_3RKYFAQ9XM2846,order_C15QV726FV2845,card,Payment captured
pay_WU2Z3ZNE6D2849,payment,0,9189494,9411607,INR,188232,33881,setl_JKDM3M1QDP2829,8486951364v361,2026-09-01,2026-09-03,pay_WU2Z3ZNE6D2849,order_UP2QSXUANY2848,card,Payment captured
pay_84TPE31AGH2852,payment,0,105918,108477,INR,2169,390,setl_JKDM3M1QDP2829,8486951364v361,2026-09-01,2026-09-03,pay_84TPE31AGH2852,order_QLY05PMLPU2851,wallet,Payment captured
pay_DBN7G2UZGA2855,payment,0,203031,207937,INR,4158,748,setl_JKDM3M1QDP2829,8486951364v361,2026-09-01,2026-09-03,pay_DBN7G2UZGA2855,order_4N68YZTF632854,card,Payment captured
pay_KRC80T1LSQ2860,payment,0,164836,168819,INR,3376,607,setl_FN4V44F98R2858,9489709081i351,2026-09-02,2026-09-04,pay_KRC80T1LSQ2860,order_18WP8C1LWD2859,upi,Payment captured
pay_V2U03AVDP62863,payment,0,1040386,1065531,INR,21310,3835,setl_FN4V44F98R2858,9489709081i351,2026-09-02,2026-09-04,pay_V2U03AVDP62863,order_CR84EA9CPX2862,card,Payment captured
pay_CVHW9QPPZJ2866,payment,0,217630,222889,INR,4457,802,setl_FN4V44F98R2858,9489709081i351,2026-09-02,2026-09-04,pay_CVHW9QPPZJ2866,order_XCR1WY28EC2865,card,Payment captured
pay_5GFZD0FUHN2869,payment,0,1852341,1897112,INR,37942,6829,setl_FN4V44F98R2858,9489709081i351,2026-09-02,2026-09-04,pay_5GFZD0FUHN2869,order_6N9AGBEMUY2868,upi,Payment captured
pay_B7G3FKQPJE2872,payment,0,213142,218292,INR,4365,785,setl_FN4V44F98R2858,9489709081i351,2026-09-02,2026-09-04,pay_B7G3FKQPJE2872,order_7E6AAVKPLZ2871,wallet,Payment captured
pay_01GEM2JCQD2875,payment,0,393665,403179,INR,8063,1451,setl_FN4V44F98R2858,9489709081i351,2026-09-02,2026-09-04,pay_01GEM2JCQD2875,order_67Z9Y0K4SA2874,emi,Payment captured
pay_Y87JD3KQHU2878,payment,0,222485,227862,INR,4557,820,setl_FN4V44F98R2858,9489709081i351,2026-09-02,2026-09-04,pay_Y87JD3KQHU2878,order_EFHJQQNDMW2877,netbanking,Payment captured
pay_TGASS2CE7G2881,payment,0,51459,52702,INR,1054,189,setl_FN4V44F98R2858,9489709081i351,2026-09-02,2026-09-04,pay_TGASS2CE7G2881,order_FEKDP3A9H12880,wallet,Payment captured
pay_CG1U7J91H62886,payment,0,120004,122904,INR,2458,442,setl_C7SKTFVKBU2884,7959127060o980,2026-09-03,2026-09-05,pay_CG1U7J91H62886,order_MWNU510FYN2885,upi,Payment captured
pay_126CH1Z0L72889,payment,0,109550,112196,INR,2243,403,setl_C7SKTFVKBU2884,7959127060o980,2026-09-03,2026-09-05,pay_126CH1Z0L72889,order_0J13ANV9JT2888,card,Payment captured
pay_9V0E4MGZDX2892,payment,0,79675,81600,INR,1632,293,setl_C7SKTFVKBU2884,7959127060o980,2026-09-03,2026-09-05,pay_9V0E4MGZDX2892,order_MNXKX0CA9W2891,netbanking,Payment captured
pay_FKTSQGTETB2895,payment,0,115558,118351,INR,2367,426,setl_C7SKTFVKBU2884,7959127060o980,2026-09-03,2026-09-05,pay_FKTSQGTETB2895,order_BXQUKRKJHA2894,card,Payment captured
pay_GAC0KVL2Y52898,payment,0,39040,39982,INR,799,143,setl_C7SKTFVKBU2884,7959127060o980,2026-09-03,2026-09-05,pay_GAC0KVL2Y52898,order_39KQFP79F82897,card,Payment captured
pay_MJWNWHE59M2901,payment,0,206049,211028,INR,4220,759,setl_C7SKTFVKBU2884,7959127060o980,2026-09-03,2026-09-05,pay_MJWNWHE59M2901,order_V89KN7KWVU2900,emi,Payment captured
pay_7VW84FJD6W2904,payment,0,4554766,4664856,INR,93297,16793,setl_C7SKTFVKBU2884,7959127060o980,2026-09-03,2026-09-05,pay_7VW84FJD6W2904,order_AS416300CJ2903,card,Payment captured
pay_0FTUYK0VY52907,payment,0,177278,181562,INR,3631,653,setl_C7SKTFVKBU2884,7959127060o980,2026-09-03,2026-09-05,pay_0FTUYK0VY52907,order_C6UFSSQAHA2906,card,Payment captured
pay_QUV7ZY2E992910,payment,0,810539,830129,INR,16602,2988,setl_C7SKTFVKBU2884,7959127060o980,2026-09-03,2026-09-05,pay_QUV7ZY2E992910,order_4L35BFBCPV2909,wallet,Payment captured
pay_HLLMQWSC4A2913,payment,0,689160,705816,INR,14116,2540,setl_C7SKTFVKBU2884,7959127060o980,2026-09-03,2026-09-05,pay_HLLMQWSC4A2913,order_53Q8J7UCPP2912,wallet,Payment captured
pay_1AA40JLKHM2916,payment,0,229407,234951,INR,4699,845,setl_C7SKTFVKBU2884,7959127060o980,2026-09-03,2026-09-05,pay_1AA40JLKHM2916,order_7SA5BQ102Y2915,wallet,Payment captured
pay_11CTYQGMNS2919,payment,0,211987,217110,INR,4342,781,setl_C7SKTFVKBU2884,7959127060o980,2026-09-03,2026-09-05,pay_11CTYQGMNS2919,order_PPNAVZ3LC12918,netbanking,Payment captured
pay_Q0S9GF2XYZ2922,payment,0,76571,78421,INR,1568,282,setl_C7SKTFVKBU2884,7959127060o980,2026-09-03,2026-09-05,pay_Q0S9GF2XYZ2922,order_MHB0R5F6BV2921,card,Payment captured
pay_7ZPZ3EPVF72925,payment,0,8405008,8608160,INR,172163,30989,setl_C7SKTFVKBU2884,7959127060o980,2026-09-03,2026-09-05,pay_7ZPZ3EPVF72925,order_X7M71539762924,card,Payment captured
pay_VFX6Q9B0502930,payment,0,159409,163261,INR,3265,587,setl_QGXV9AVUMN2928,6373494784t260,2026-09-04,2026-09-06,pay_VFX6Q9B0502930,order_AFA91G0S5B2929,card,Payment captured
pay_Z6GZZ4NL752933,payment,0,120330,123237,INR,2464,443,setl_QGXV9AVUMN2928,6373494784t260,2026-09-04,2026-09-06,pay_Z6GZZ4NL752933,order_VQMDZ804LT2932,wallet,Payment captured
pay_6NY806UPN22936,payment,0,159719,163578,INR,3271,588,setl_QGXV9AVUMN2928,6373494784t260,2026-09-04,2026-09-06,pay_6NY806UPN22936,order_38X282EC9X2935,wallet,Payment captured
pay_4FYYRT4SWC2939,payment,0,1886164,1931753,INR,38635,6954,setl_QGXV9AVUMN2928,6373494784t260,2026-09-04,2026-09-06,pay_4FYYRT4SWC2939,order_Y1SX9400SS2938,emi,Payment captured
pay_9AZQPNZ1NM2942,payment,0,888746,910226,INR,18204,3276,setl_QGXV9AVUMN2928,6373494784t260,2026-09-04,2026-09-06,pay_9AZQPNZ1NM2942,order_QSXBR4YTC62941,card,Payment captured
pay_HXKDUEDFBM2947,payment,0,211537,216648,INR,4332,779,setl_GCK2Z9Q43P2945,6989624736i763,2026-09-05,2026-09-07,pay_HXKDUEDFBM2947,order_13CRPJ7N6S2946,netbanking,Payment captured
pay_SPW4ZT69PX2950,payment,0,1189061,1217801,INR,24356,4384,setl_GCK2Z9Q43P2945,6989624736i763,2026-09-05,2026-09-07,pay_SPW4ZT69PX2950,order_66N9NRB3FS2949,wallet,Payment captured
pay_PHJN75SZ9V2953,payment,0,203226,208137,INR,4162,749,setl_GCK2Z9Q43P2945,6989624736i763,2026-09-05,2026-09-07,pay_PHJN75SZ9V2953,order_6D6FHLMR1G2952,upi,Payment captured
pay_59PV49T8NA2956,payment,0,26596,27237,INR,544,97,setl_GCK2Z9Q43P2945,6989624736i763,2026-09-05,2026-09-07,pay_59PV49T8NA2956,order_C1ZHB3TC7C2955,netbanking,Payment captured
pay_R0SRF379W82959,payment,0,1514040,1550634,INR,31012,5582,setl_GCK2Z9Q43P2945,6989624736i763,2026-09-05,2026-09-07,pay_R0SRF379W82959,order_J6M8DANH482958,wallet,Payment captured
pay_CJ10NQBLRY2962,payment,0,1005302,1029600,INR,20592,3706,setl_GCK2Z9Q43P2945,6989624736i763,2026-09-05,2026-09-07,pay_CJ10NQBLRY2962,order_3AXK3DHZLP2961,upi,Payment captured
pay_ABUJNFJC092965,payment,0,1641868,1681552,INR,33631,6053,setl_GCK2Z9Q43P2945,6989624736i763,2026-09-05,2026-09-07,pay_ABUJNFJC092965,order_5PLBHKYPFW2964,emi,Payment captured
pay_XWR9GZFL7K2968,payment,0,124409,127415,INR,2548,458,setl_GCK2Z9Q43P2945,6989624736i763,2026-09-05,2026-09-07,pay_XWR9GZFL7K2968,order_P9Y474P9KT2967,card,Payment captured
pay_8H3XVS850G2971,payment,0,991762,1015732,INR,20314,3656,setl_GCK2Z9Q43P2945,6989624736i763,2026-09-05,2026-09-07,pay_8H3XVS850G2971,order_5299FXXCRD2970,netbanking,Payment captured
pay_PZX88ED8JK2974,payment,0,191868,196505,INR,3930,707,setl_GCK2Z9Q43P2945,6989624736i763,2026-09-05,2026-09-07,pay_PZX88ED8JK2974,order_UCRXB42ZYY2973,emi,Payment captured
disp_MZUHJP84KU2976,dispute,855816,0,705816,INR,150000,0,setl_GCK2Z9Q43P2945,6989624736i763,2026-07-12,2026-09-07,pay_HLLMQWSC4A2913,order_53Q8J7UCPP2912,,Chargeback deduction incl. handling fee
pay_0VHKK7K61Z2980,payment,0,94106,96379,INR,1927,346,setl_V25SG33JNX2978,8679797159v965,2026-09-06,2026-09-08,pay_0VHKK7K61Z2980,order_ZQXBL434SB2979,upi,Payment captured
pay_3PPZ6228DY2983,payment,0,102973,105461,INR,2109,379,setl_V25SG33JNX2978,8679797159v965,2026-09-06,2026-09-08,pay_3PPZ6228DY2983,order_XRUYYXZ3MH2982,wallet,Payment captured
pay_CRE2C998YB2986,payment,0,242773,248639,INR,4972,894,setl_V25SG33JNX2978,8679797159v965,2026-09-06,2026-09-08,pay_CRE2C998YB2986,order_X6WLF5QQ102985,card,Payment captured
pay_MAR49LEP9V2989,payment,0,113559,116303,INR,2326,418,setl_V25SG33JNX2978,8679797159v965,2026-09-06,2026-09-08,pay_MAR49LEP9V2989,order_UDCNRP3R7C2988,card,Payment captured
pay_6TK2VTBS5N2992,payment,0,1357367,1390174,INR,27803,5004,setl_V25SG33JNX2978,8679797159v965,2026-09-06,2026-09-08,pay_6TK2VTBS5N2992,order_QV8FMUM13U2991,wallet,Payment captured
pay_PXRFWX31VK2995,payment,0,863216,884079,INR,17681,3182,setl_V25SG33JNX2978,8679797159v965,2026-09-06,2026-09-08,pay_PXRFWX31VK2995,order_TLV094FVS02994,wallet,Payment captured
pay_7JMDQ5PQ7T2998,payment,0,1898243,1944123,INR,38882,6998,setl_V25SG33JNX2978,8679797159v965,2026-09-06,2026-09-08,pay_7JMDQ5PQ7T2998,order_9EHMJKRJT02997,wallet,Payment captured
pay_0ADYXEJ1633001,payment,0,22838,23389,INR,467,84,setl_V25SG33JNX2978,8679797159v965,2026-09-06,2026-09-08,pay_0ADYXEJ1633001,order_SXW0W41Z583000,wallet,Payment captured
pay_834S5GZJDR3004,payment,0,120853,123773,INR,2475,445,setl_V25SG33JNX2978,8679797159v965,2026-09-06,2026-09-08,pay_834S5GZJDR3004,order_YNSSMCDUKF3003,card,Payment captured
pay_2PM7DTJPPG3007,payment,0,234685,240357,INR,4807,865,setl_V25SG33JNX2978,8679797159v965,2026-09-06,2026-09-08,pay_2PM7DTJPPG3007,order_WDFSNMM8633006,card,Payment captured
pay_BMY3GHUPW83010,payment,0,1326790,1358858,INR,27177,4891,setl_V25SG33JNX2978,8679797159v965,2026-09-06,2026-09-08,pay_BMY3GHUPW83010,order_TY5U2ZBXJ63009,wallet,Payment captured
pay_YX8B2KS5WX3015,payment,0,118445,121307,INR,2426,436,setl_HU4RKCURFJ3013,7199655183h919,2026-09-07,2026-09-09,pay_YX8B2KS5WX3015,order_2Y1CMQN1F23014,card,Payment captured
pay_5EEMF9F05N3018,payment,0,90060,92235,INR,1844,331,setl_HU4RKCURFJ3013,7199655183h919,2026-09-07,2026-09-09,pay_5EEMF9F05N3018,order_HAAY37C3AW3017,netbanking,Payment captured
pay_G9QCKTM1S23021,payment,0,1679229,1719816,INR,34396,6191,setl_HU4RKCURFJ3013,7199655183h919,2026-09-07,2026-09-09,pay_G9QCKTM1S23021,order_WF2X6D4UNK3020,netbanking,Payment captured
pay_RQ2NRAW6ZV3024,payment,0,1358792,1391633,INR,27832,5009,setl_HU4RKCURFJ3013,7199655183h919,2026-09-07,2026-09-09,pay_RQ2NRAW6ZV3024,order_8CWGDQNU1Z3023,wallet,Payment captured
pay_LQP6F4Z09G3027,payment,0,175211,179444,INR,3588,645,setl_HU4RKCURFJ3013,7199655183h919,2026-09-07,2026-09-09,pay_LQP6F4Z09G3027,order_KG5AT4DHMX3026,upi,Payment captured
pay_3KM4HL2BJ03032,payment,0,15159,15524,INR,310,55,setl_0U7B9SVC0Y3030,8473461317s307,2026-09-08,2026-09-10,pay_3KM4HL2BJ03032,order_70ZAS1MA6W3031,emi,Payment captured
pay_L9BY95577D3035,payment,0,1451333,1486412,INR,29728,5351,setl_0U7B9SVC0Y3030,8473461317s307,2026-09-08,2026-09-10,pay_L9BY95577D3035,order_TAE5DDNJ713034,wallet,Payment captured
pay_HLKCYHPZ1R3038,payment,0,1826753,1870906,INR,37418,6735,setl_0U7B9SVC0Y3030,8473461317s307,2026-09-08,2026-09-10,pay_HLKCYHPZ1R3038,order_1V3B74NWZ03037,wallet,Payment captured
pay_S84U74RZXV3041,payment,0,77671,79547,INR,1590,286,setl_0U7B9SVC0Y3030,8473461317s307,2026-09-08,2026-09-10,pay_S84U74RZXV3041,order_926NZHJH773040,upi,Payment captured
pay_NPZRCPER6P3044,payment,0,370200,379146,INR,7582,1364,setl_0U7B9SVC0Y3030,8473461317s307,2026-09-08,2026-09-10,pay_NPZRCPER6P3044,order_0S3HK07HF23043,netbanking,Payment captured
pay_HML1NUZH4Q3047,payment,0,608452,623158,INR,12463,2243,setl_0U7B9SVC0Y3030,8473461317s307,2026-09-08,2026-09-10,pay_HML1NUZH4Q3047,order_3LDJT7S68H3046,upi,Payment captured
pay_5VPEJVPVWP3050,payment,0,1406471,1440465,INR,28809,5185,setl_0U7B9SVC0Y3030,8473461317s307,2026-09-08,2026-09-10,pay_5VPEJVPVWP3050,order_T4ZDWW676F3049,wallet,Payment captured
pay_SNNG205A9W3053,payment,0,168080,172141,INR,3442,619,setl_0U7B9SVC0Y3030,8473461317s307,2026-09-08,2026-09-10,pay_SNNG205A9W3053,order_T8CN0Z4Y2M3052,upi,Payment captured
pay_9E82HPKRZ43056,payment,0,229306,234847,INR,4696,845,setl_0U7B9SVC0Y3030,8473461317s307,2026-09-08,2026-09-10,pay_9E82HPKRZ43056,order_76SNYTKHAG3055,upi,Payment captured
pay_VXWU2LAMHQ3059,payment,0,857514,878239,INR,17564,3161,setl_0U7B9SVC0Y3030,8473461317s307,2026-09-08,2026-09-10,pay_VXWU2LAMHQ3059,order_5Z1DF2UL0M3058,wallet,Payment captured
pay_JESFMALLUG3063,payment,0,213437,218594,INR,4371,786,setl_RUQT00DXS63061,3942827631x777,2026-09-08,2026-09-10,pay_JESFMALLUG3063,order_R9ED4YG1NX3062,upi,Payment captured
pay_J9XEX3WH4G3066,payment,0,241909,247755,INR,4955,891,setl_RUQT00DXS63061,3942827631x777,2026-09-08,2026-09-10,pay_J9XEX3WH4G3066,order_XTHNPN31ZA3065,emi,Payment captured
pay_FP8Z1NHUL23069,payment,0,1561001,1598730,INR,31974,5755,setl_RUQT00DXS63061,3942827631x777,2026-09-08,2026-09-10,pay_FP8Z1NHUL23069,order_GULT8HUHUA3068,card,Payment captured
pay_VEK5MHR05W3072,payment,0,240585,246398,INR,4927,886,setl_RUQT00DXS63061,3942827631x777,2026-09-08,2026-09-10,pay_VEK5MHR05W3072,order_8VV388911Z3071,upi,Payment captured
pay_C460BVJN733077,payment,0,1842009,1886530,INR,37730,6791,setl_RUMSAJKS1M3075,9343702146p953,2026-09-09,2026-09-11,pay_C460BVJN733077,order_LAJWRSLR343076,netbanking,Payment captured
pay_U5JYTM3YUE3080,payment,0,84435,86475,INR,1729,311,setl_RUMSAJKS1M3075,9343702146p953,2026-09-09,2026-09-11,pay_U5JYTM3YUE3080,order_DBRPCZEB7K3079,emi,Payment captured
pay_TMQY5QF9ZR3083,payment,0,140535,143931,INR,2878,518,setl_RUMSAJKS1M3075,9343702146p953,2026-09-09,2026-09-11,pay_TMQY5QF9ZR3083,order_N0NL539B6C3082,upi,Payment captured
pay_Y50822JERA3086,payment,0,218297,223572,INR,4471,804,setl_RUMSAJKS1M3075,9343702146p953,2026-09-09,2026-09-11,pay_Y50822JERA3086,order_6A76ZAVU1N3085,emi,Payment captured
pay_YHGB27VXGQ3089,payment,0,35473,36329,INR,726,130,setl_RUMSAJKS1M3075,9343702146p953,2026-09-09,2026-09-11,pay_YHGB27VXGQ3089,order_NNCWEYUG2P3088,card,Payment captured
pay_PEFVPRGB813094,payment,0,1778058,1821033,INR,36420,6555,setl_NMPHJ9F4E93092,6283064973j790,2026-09-10,2026-09-12,pay_PEFVPRGB813094,order_WJHEL4W3R73093,emi,Payment captured
pay_VESBF4CJ9S3097,payment,0,742612,760560,INR,15211,2737,setl_NMPHJ9F4E93092,6283064973j790,2026-09-10,2026-09-12,pay_VESBF4CJ9S3097,order_2VZFCCJE8K3096,upi,Payment captured
pay_JGC2ZECBU13100,payment,0,42522,43548,INR,870,156,setl_NMPHJ9F4E93092,6283064973j790,2026-09-10,2026-09-12,pay_JGC2ZECBU13100,order_BTNV7SPPVV3099,netbanking,Payment captured
pay_JF70E975733103,payment,0,9409803,9637240,INR,192744,34693,setl_NMPHJ9F4E93092,6283064973j790,2026-09-10,2026-09-12,pay_JF70E975733103,order_VJD6KJQY353102,card,Payment captured
pay_ZHSWX828F53106,payment,0,416154,426212,INR,8524,1534,setl_NMPHJ9F4E93092,6283064973j790,2026-09-10,2026-09-12,pay_ZHSWX828F53106,order_Q5LCT86QCT3105,netbanking,Payment captured
pay_ZTVNRM4FWS3109,payment,0,1892175,1937909,INR,38758,6976,setl_NMPHJ9F4E93092,6283064973j790,2026-09-10,2026-09-12,pay_ZTVNRM4FWS3109,order_W8XNGWR1JC3108,wallet,Payment captured
pay_QWTUC492553112,payment,0,3176538,3253315,INR,65066,11711,setl_NMPHJ9F4E93092,6283064973j790,2026-09-10,2026-09-12,pay_QWTUC492553112,order_YN5TMDYYYX3111,netbanking,Payment captured
pay_7ATGBV326F3115,payment,0,203195,208106,INR,4162,749,setl_NMPHJ9F4E93092,6283064973j790,2026-09-10,2026-09-12,pay_7ATGBV326F3115,order_V7EHMU1G4Z3114,upi,Payment captured
pay_QRLW5DUUQB3118,payment,0,1396833,1430593,INR,28611,5149,setl_NMPHJ9F4E93092,6283064973j790,2026-09-10,2026-09-12,pay_QRLW5DUUQB3118,order_26FHBH855A3117,card,Payment captured
pay_LU5BU9HGND3121,payment,0,360914,369636,INR,7392,1330,setl_NMPHJ9F4E93092,6283064973j790,2026-09-10,2026-09-12,pay_LU5BU9HGND3121,order_SQ8G548KS13120,wallet,Payment captured
pay_TR5TNKY06U3124,payment,0,442513,453208,INR,9064,1631,setl_NMPHJ9F4E93092,6283064973j790,2026-09-10,2026-09-12,pay_TR5TNKY06U3124,order_8HL5ZF6DBR3123,upi,Payment captured
pay_GWVTK2FTXW3129,payment,0,1140440,1168004,INR,23360,4204,setl_GR1PDCZJME3127,6623366224f762,2026-09-11,2026-09-13,pay_GWVTK2FTXW3129,order_RZNSJW3HH23128,netbanking,Payment captured
pay_8DPXL89BXB3132,payment,0,1432827,1467458,INR,29349,5282,setl_GR1PDCZJME3127,6623366224f762,2026-09-11,2026-09-13,pay_8DPXL89BXB3132,order_VCMNJNYZQY3131,netbanking,Payment captured
pay_SRCV3UDD3A3135,payment,0,7819402,8008399,INR,160167,28830,setl_GR1PDCZJME3127,6623366224f762,2026-09-11,2026-09-13,pay_SRCV3UDD3A3135,order_MT6776SUT03134,card,Payment captured
pay_B5LZSYN3CF3138,payment,0,161627,165532,INR,3310,595,setl_GR1PDCZJME3127,6623366224f762,2026-09-11,2026-09-13,pay_B5LZSYN3CF3138,order_QYU0BGJHBS3137,card,Payment captured
pay_DQVR89STK53141,payment,0,238174,243930,INR,4878,878,setl_GR1PDCZJME3127,6623366224f762,2026-09-11,2026-09-13,pay_DQVR89STK53141,order_G6UNH1DPJZ3140,netbanking,Payment captured
pay_UK4G9QJKTB3144,payment,0,1776685,1819627,INR,36392,6550,setl_GR1PDCZJME3127,6623366224f762,2026-09-11,2026-09-13,pay_UK4G9QJKTB3144,order_YY58HM4NG73143,netbanking,Payment captured
pay_Q8FHBYAJJL3147,payment,0,1813519,1857352,INR,37147,6686,setl_GR1PDCZJME3127,6623366224f762,2026-09-11,2026-09-13,pay_Q8FHBYAJJL3147,order_TCT0XZGFL03146,wallet,Payment captured
pay_49P2MFYHCA3150,payment,0,79520,81441,INR,1628,293,setl_GR1PDCZJME3127,6623366224f762,2026-09-11,2026-09-13,pay_49P2MFYHCA3150,order_MPPWSPQ5NJ3149,emi,Payment captured
pay_BYMANE5QBZ3153,payment,0,234194,239854,INR,4797,863,setl_GR1PDCZJME3127,6623366224f762,2026-09-11,2026-09-13,pay_BYMANE5QBZ3153,order_0XP7EZY6RH3152,card,Payment captured
pay_K2BAD6KMB63156,payment,0,807529,827046,INR,16540,2977,setl_GR1PDCZJME3127,6623366224f762,2026-09-11,2026-09-13,pay_K2BAD6KMB63156,order_FV9XDL5ZB93155,upi,Payment captured
rfnd_PEW95YH5Z43158,refund,183012,0,183012,INR,0,0,setl_GR1PDCZJME3127,6623366224f762,2026-09-01,2026-09-13,pay_W7FMN85BCR0446,order_TZGBU0Q08G0445,,Full refund
pay_U4MR12U1J43162,payment,0,209665,214731,INR,4294,772,setl_5XALTHQBD43160,7641134358p765,2026-09-12,2026-09-14,pay_U4MR12U1J43162,order_7WXXAXGVXC3161,card,Payment captured
pay_UNUG304SC43165,payment,0,797768,817049,INR,16340,2941,setl_5XALTHQBD43160,7641134358p765,2026-09-12,2026-09-14,pay_UNUG304SC43165,order_WCS1KG70SN3164,wallet,Payment captured
pay_6DELTPH3TY3168,payment,0,48377,49545,INR,990,178,setl_5XALTHQBD43160,7641134358p765,2026-09-12,2026-09-14,pay_6DELTPH3TY3168,order_3UF84R4WP53167,upi,Payment captured
pay_JDQL6PX7HK3171,payment,0,160472,164350,INR,3287,591,setl_5XALTHQBD43160,7641134358p765,2026-09-12,2026-09-14,pay_JDQL6PX7HK3171,order_N0YE84Z1M33170,wallet,Payment captured
pay_BAAX7P2CPB3174,payment,0,1423772,1458184,INR,29163,5249,setl_5XALTHQBD43160,7641134358p765,2026-09-12,2026-09-14,pay_BAAX7P2CPB3174,order_YHZQKVMX003173,wallet,Payment captured
pay_T0GTRR4CDT3177,payment,0,1341862,1374294,INR,27485,4947,setl_5XALTHQBD43160,7641134358p765,2026-09-12,2026-09-14,pay_T0GTRR4CDT3177,order_T44B7C3CB73176,emi,Payment captured
pay_Z833H9KU7V3180,payment,0,9462494,9691206,INR,193824,34888,setl_5XALTHQBD43160,7641134358p765,2026-09-12,2026-09-14,pay_Z833H9KU7V3180,order_3MFY67VAWS3179,emi,Payment captured
pay_9LHWBA5HPJ3183,payment,0,129999,133140,INR,2662,479,setl_5XALTHQBD43160,7641134358p765,2026-09-12,2026-09-14,pay_9LHWBA5HPJ3183,order_M2PSMFLJPQ3182,netbanking,Payment captured
pay_FG1VZ417413186,payment,0,1609386,1648284,INR,32965,5933,setl_5XALTHQBD43160,7641134358p765,2026-09-12,2026-09-14,pay_FG1VZ417413186,order_TH500AUW2Q3185,card,Payment captured
pay_D06JV23NCR3191,payment,0,185494,189976,INR,3799,683,setl_979J87K5ZV3189,8474963772e270,2026-09-13,2026-09-15,pay_D06JV23NCR3191,order_ZC2L5Q93TC3190,upi,Payment captured
pay_97WZJUYK1G3194,payment,0,466259,477528,INR,9550,1719,setl_979J87K5ZV3189,8474963772e270,2026-09-13,2026-09-15,pay_97WZJUYK1G3194,order_H8SB1YS8WX3193,card,Payment captured
pay_RPY3SE5KW03197,payment,0,125632,128668,INR,2573,463,setl_979J87K5ZV3189,8474963772e270,2026-09-13,2026-09-15,pay_RPY3SE5KW03197,order_N85FRXY1333196,card,Payment captured
pay_6DFAJ7EDWJ3200,payment,0,1049515,1074881,INR,21497,3869,setl_979J87K5ZV3189,8474963772e270,2026-09-13,2026-09-15,pay_6DFAJ7EDWJ3200,order_UJ39ZH75N33199,netbanking,Payment captured
pay_ETLDKU9VNY3205,payment,0,71246,72967,INR,1459,262,setl_X32PRPYC9K3203,2236730914x234,2026-09-14,2026-09-16,pay_ETLDKU9VNY3205,order_FTARD7WW9U3204,emi,Payment captured
pay_A56GMRXRJ73208,payment,0,1401039,1434902,INR,28698,5165,setl_X32PRPYC9K3203,2236730914x234,2026-09-14,2026-09-16,pay_A56GMRXRJ73208,order_5BJSTAVNFB3207,wallet,Payment captured
pay_023GXRPJTM3211,payment,0,101035,103476,INR,2069,372,setl_X32PRPYC9K3203,2236730914x234,2026-09-14,2026-09-16,pay_023GXRPJTM3211,order_6QXWVGU5GM3210,card,Payment captured
pay_EJCQ4HHK4Y3214,payment,0,1138239,1165750,INR,23315,4196,setl_X32PRPYC9K3203,2236730914x234,2026-09-14,2026-09-16,pay_EJCQ4HHK4Y3214,order_L6X8MU46NP3213,card,Payment captured
pay_P1TUSPL2FS3217,payment,0,2503152,2563654,INR,51273,9229,setl_X32PRPYC9K3203,2236730914x234,2026-09-14,2026-09-16,pay_P1TUSPL2FS3217,order_1WFCATSN1S3216,card,Payment captured
pay_ZPCACCD3PJ3220,payment,0,127872,130962,INR,2619,471,setl_X32PRPYC9K3203,2236730914x234,2026-09-14,2026-09-16,pay_ZPCACCD3PJ3220,order_8D84W6GDPN3219,upi,Payment captured
pay_U0Y29UEXU23223,payment,0,151145,154797,INR,3095,557,setl_X32PRPYC9K3203,2236730914x234,2026-09-14,2026-09-16,pay_U0Y29UEXU23223,order_V5BRUT2PQM3222,netbanking,Payment captured
pay_QQ4WKM1T9S3226,payment,0,196283,201026,INR,4020,723,setl_X32PRPYC9K3203,2236730914x234,2026-09-14,2026-09-16,pay_QQ4WKM1T9S3226,order_710YZ2W2AC3225,netbanking,Payment captured
pay_EUK3VPDM6C3229,payment,0,160137,164007,INR,3280,590,setl_X32PRPYC9K3203,2236730914x234,2026-09-14,2026-09-16,pay_EUK3VPDM6C3229,order_ZN5JQ712CT3228,card,Payment captured
pay_B53XND5PU73232,payment,0,181460,185844,INR,3716,668,setl_X32PRPYC9K3203,2236730914x234,2026-09-14,2026-09-16,pay_B53XND5PU73232,order_NKLZCFV1JS3231,wallet,Payment captured
disp_0VQ3AVP9283234,dispute,346779,0,196779,INR,150000,0,setl_X32PRPYC9K3203,2236730914x234,2026-08-17,2026-09-16,pay_UZDY503EUY1321,order_5ZP5J2DRKG1320,,Chargeback deduction incl. handling fee
pay_YGV0FD081L3238,payment,0,1201432,1230470,INR,24609,4429,setl_00KPKW4L7R3236,4056317895p156,2026-09-15,2026-09-17,pay_YGV0FD081L3238,order_MNRSS321GC3237,card,Payment captured
pay_DQRGRBH1NT3241,payment,0,1874681,1919991,INR,38399,6911,setl_00KPKW4L7R3236,4056317895p156,2026-09-15,2026-09-17,pay_DQRGRBH1NT3241,order_ZF93W2FQVT3240,card,Payment captured
pay_KRGZKPENR13244,payment,0,214381,219562,INR,4391,790,setl_00KPKW4L7R3236,4056317895p156,2026-09-15,2026-09-17,pay_KRGZKPENR13244,order_BE0PG8ZMBA3243,card,Payment captured
pay_57W1AAAGF53247,payment,0,161912,165824,INR,3316,596,setl_00KPKW4L7R3236,4056317895p156,2026-09-15,2026-09-17,pay_57W1AAAGF53247,order_36MCHMYBRG3246,emi,Payment captured
pay_5D4AJ6KMCS3250,payment,0,9831530,10069161,INR,201383,36248,setl_00KPKW4L7R3236,4056317895p156,2026-09-15,2026-09-17,pay_5D4AJ6KMCS3250,order_HZEWU7V3HH3249,card,Payment captured
pay_M40LZKCLFQ3253,payment,0,180151,184505,INR,3690,664,setl_00KPKW4L7R3236,4056317895p156,2026-09-15,2026-09-17,pay_M40LZKCLFQ3253,order_ABZPMSEQJY3252,wallet,Payment captured
pay_JAMWGXN81S3256,payment,0,16468,16865,INR,337,60,setl_00KPKW4L7R3236,4056317895p156,2026-09-15,2026-09-17,pay_JAMWGXN81S3256,order_GF148HH3523255,wallet,Payment captured
pay_DXB4WWA9S83259,payment,0,936227,958855,INR,19177,3451,setl_00KPKW4L7R3236,4056317895p156,2026-09-15,2026-09-17,pay_DXB4WWA9S83259,order_PBUAZNE9TE3258,netbanking,Payment captured
pay_X8QWWAF7L43262,payment,0,165793,169800,INR,3396,611,setl_00KPKW4L7R3236,4056317895p156,2026-09-15,2026-09-17,pay_X8QWWAF7L43262,order_7DAQB41TUC3261,upi,Payment captured
pay_6T6EF5D1TY3266,payment,0,1465607,1501030,INR,30020,5403,setl_ZGFLENSB3N3264,8944967444r131,2026-09-15,2026-09-17,pay_6T6EF5D1TY3266,order_CZBMVC1WEE3265,emi,Payment captured
pay_271542EXJT3269,payment,0,172129,176288,INR,3525,634,setl_ZGFLENSB3N3264,8944967444r131,2026-09-15,2026-09-17,pay_271542EXJT3269,order_VFR9HDHGTX3268,netbanking,Payment captured
pay_V48L45JWNK3272,payment,0,239900,245697,INR,4913,884,setl_ZGFLENSB3N3264,8944967444r131,2026-09-15,2026-09-17,pay_V48L45JWNK3272,order_65CJKPASYQ3271,card,Payment captured
pay_13N9V0UUTJ3275,payment,0,4760506,4875568,INR,97511,17551,setl_ZGFLENSB3N3264,8944967444r131,2026-09-15,2026-09-17,pay_13N9V0UUTJ3275,order_NPX6BLSBR83274,wallet,Payment captured
pay_NZ5CUTTZZH3280,payment,0,767126,785667,INR,15713,2828,setl_LDG23NRTDH3278,4768951312c483,2026-09-16,2026-09-18,pay_NZ5CUTTZZH3280,order_XM2P1L92MP3279,netbanking,Payment captured
pay_R8HZELHH2T3283,payment,0,786683,805696,INR,16113,2900,setl_LDG23NRTDH3278,4768951312c483,2026-09-16,2026-09-18,pay_R8HZELHH2T3283,order_UX6ULFVMV03282,wallet,Payment captured
pay_WHSZE9QT6M3286,payment,0,905921,927817,INR,18556,3340,setl_LDG23NRTDH3278,4768951312c483,2026-09-16,2026-09-18,pay_WHSZE9QT6M3286,order_P97ZHZRAD53285,emi,Payment captured
pay_T2A320HB023289,payment,0,73911,75696,INR,1513,272,setl_LDG23NRTDH3278,4768951312c483,2026-09-16,2026-09-18,pay_T2A320HB023289,order_1VR60LVPDE3288,netbanking,Payment captured
pay_JNF2CASDM63292,payment,0,29511,30223,INR,604,108,setl_LDG23NRTDH3278,4768951312c483,2026-09-16,2026-09-18,pay_JNF2CASDM63292,order_T4FYAGGLWA3291,netbanking,Payment captured
pay_LCDEUFTTJS3295,payment,0,1507709,1544150,INR,30883,5558,setl_LDG23NRTDH3278,4768951312c483,2026-09-16,2026-09-18,pay_LCDEUFTTJS3295,order_UKZC51048S3294,emi,Payment captured
pay_QBXW766P043298,payment,0,142462,145905,INR,2918,525,setl_LDG23NRTDH3278,4768951312c483,2026-09-16,2026-09-18,pay_QBXW766P043298,order_WT5W63P78L3297,netbanking,Payment captured
pay_03A2PYV51B3301,payment,0,81525,83494,INR,1669,300,setl_LDG23NRTDH3278,4768951312c483,2026-09-16,2026-09-18,pay_03A2PYV51B3301,order_QDRX3BJ9Y23300,wallet,Payment captured
pay_D8YQW1ZRXL3304,payment,0,44676,45755,INR,915,164,setl_LDG23NRTDH3278,4768951312c483,2026-09-16,2026-09-18,pay_D8YQW1ZRXL3304,order_0VUG9BJTYU3303,wallet,Payment captured
pay_5DF7WLL6MT3307,payment,0,1238937,1268881,INR,25377,4567,setl_LDG23NRTDH3278,4768951312c483,2026-09-16,2026-09-18,pay_5DF7WLL6MT3307,order_SYKXELLXU23306,card,Payment captured
pay_1RPS2EE9793312,payment,0,89600,91765,INR,1835,330,setl_K2W6WQXEN63310,6358649284f729,2026-09-17,2026-09-19,pay_1RPS2EE9793312,order_J3LBTD8YKB3311,emi,Payment captured
pay_ZUUF9VR23D3315,payment,0,35880,36746,INR,734,132,setl_K2W6WQXEN63310,6358649284f729,2026-09-17,2026-09-19,pay_ZUUF9VR23D3315,order_E6F0DRNQD83314,emi,Payment captured
pay_0VYYVXDPS83318,payment,0,116018,118821,INR,2376,427,setl_K2W6WQXEN63310,6358649284f729,2026-09-17,2026-09-19,pay_0VYYVXDPS83318,order_727555R2X53317,emi,Payment captured
pay_ZEV9WXB5BK3321,payment,0,90327,92510,INR,1850,333,setl_K2W6WQXEN63310,6358649284f729,2026-09-17,2026-09-19,pay_ZEV9WXB5BK3321,order_ZPRDJNRNFP3320,upi,Payment captured
pay_SJ55RDMUD33324,payment,0,41226,42221,INR,844,151,setl_K2W6WQXEN63310,6358649284f729,2026-09-17,2026-09-19,pay_SJ55RDMUD33324,order_VV863LG2UR3323,emi,Payment captured
pay_0XETW1UV3S3327,payment,0,127944,131035,INR,2620,471,setl_K2W6WQXEN63310,6358649284f729,2026-09-17,2026-09-19,pay_0XETW1UV3S3327,order_HLZMS9FVYF3326,card,Payment captured
pay_67YCHV04CQ3330,payment,0,14032579,14371752,INR,287435,51738,setl_K2W6WQXEN63310,6358649284f729,2026-09-17,2026-09-19,pay_67YCHV04CQ3330,order_907ZXS7AE83329,upi,Payment captured
pay_QVA7JF0TY63333,payment,0,240107,245910,INR,4918,885,setl_K2W6WQXEN63310,6358649284f729,2026-09-17,2026-09-19,pay_QVA7JF0TY63333,order_C7RT3CRG2G3332,wallet,Payment captured
pay_EQPX2NMJSZ3338,payment,0,5867651,6009474,INR,120189,21634,setl_5HWZ22F22V3336,5210586885s345,2026-09-18,2026-09-20,pay_EQPX2NMJSZ3338,order_0S2AXZWH2H3337,wallet,Payment captured
pay_3QDYL7DSP03341,payment,0,9341565,9567354,INR,191347,34442,setl_5HWZ22F22V3336,5210586885s345,2026-09-18,2026-09-20,pay_3QDYL7DSP03341,order_V07V9682NF3340,card,Payment captured
pay_5B9ZYQ0A2K3344,payment,0,113423,116164,INR,2323,418,setl_5HWZ22F22V3336,5210586885s345,2026-09-18,2026-09-20,pay_5B9ZYQ0A2K3344,order_AH70PGF83R3343,wallet,Payment captured
pay_L6PBPJV9M43347,payment,0,109897,112553,INR,2251,405,setl_5HWZ22F22V3336,5210586885s345,2026-09-18,2026-09-20,pay_L6PBPJV9M43347,order_UL9VEAVACP3346,emi,Payment captured
pay_XNEGGL8F573350,payment,0,202351,207240,INR,4144,745,setl_5HWZ22F22V3336,5210586885s345,2026-09-18,2026-09-20,pay_XNEGGL8F573350,order_KARA3X82JE3349,card,Payment captured
pay_7DMTBQ7ZPY3353,payment,0,176050,180305,INR,3606,649,setl_5HWZ22F22V3336,5210586885s345,2026-09-18,2026-09-20,pay_7DMTBQ7ZPY3353,order_RL2W8TXANN3352,wallet,Payment captured
pay_EJ1XKUUE8Y3356,payment,0,1435935,1470641,INR,29412,5294,setl_5HWZ22F22V3336,5210586885s345,2026-09-18,2026-09-20,pay_EJ1XKUUE8Y3356,order_XDRDZ185D53355,netbanking,Payment captured
pay_2YJ8LJ0GWT3359,payment,0,1148588,1176348,INR,23526,4234,setl_5HWZ22F22V3336,5210586885s345,2026-09-18,2026-09-20,pay_2YJ8LJ0GWT3359,order_72TFR1F2Y43358,wallet,Payment captured
pay_48NKPZN0AH3362,payment,0,401411,411112,INR,8222,1479,setl_5HWZ22F22V3336,5210586885s345,2026-09-18,2026-09-20,pay_48NKPZN0AH3362,order_R3XXBCFZY13361,wallet,Payment captured
pay_ELA3163Q4L3365,payment,0,145594,149112,INR,2982,536,setl_5HWZ22F22V3336,5210586885s345,2026-09-18,2026-09-20,pay_ELA3163Q4L3365,order_7C4JAJBQPG3364,wallet,Payment captured
pay_XPGJM32JWT3370,payment,0,118630,121496,INR,2429,437,setl_6CWS14NRE13368,3564062529s860,2026-09-19,2026-09-21,pay_XPGJM32JWT3370,order_7RDY983HDL3369,netbanking,Payment captured
pay_98WS14QV7U3373,payment,0,222620,227999,INR,4559,820,setl_6CWS14NRE13368,3564062529s860,2026-09-19,2026-09-21,pay_98WS14QV7U3373,order_W5ACBEDC4P3372,emi,Payment captured
pay_MYEGFCNYVA3376,payment,0,26991,27642,INR,552,99,setl_6CWS14NRE13368,3564062529s860,2026-09-19,2026-09-21,pay_MYEGFCNYVA3376,order_9QKGNAYUJS3375,card,Payment captured
pay_ENVBP6P5UU3379,payment,0,1697345,1738370,INR,34767,6258,setl_6CWS14NRE13368,3564062529s860,2026-09-19,2026-09-21,pay_ENVBP6P5UU3379,order_42503C0L9W3378,emi,Payment captured
pay_HYVFWHQQGE3382,payment,0,1921020,1967451,INR,39349,7082,setl_6CWS14NRE13368,3564062529s860,2026-09-19,2026-09-21,pay_HYVFWHQQGE3382,order_4AM00R8LA63381,upi,Payment captured
pay_CY8MRAP2A03385,payment,0,1686360,1727119,INR,34542,6217,setl_6CWS14NRE13368,3564062529s860,2026-09-19,2026-09-21,pay_CY8MRAP2A03385,order_JCQDK94W4T3384,netbanking,Payment captured
pay_VWQ4YMY4VV3388,payment,0,235023,240703,INR,4814,866,setl_6CWS14NRE13368,3564062529s860,2026-09-19,2026-09-21,pay_VWQ4YMY4VV3388,order_5EN1U26SZG3387,upi,Payment captured
pay_27CZD2AN8P3391,payment,0,888446,909919,INR,18198,3275,setl_6CWS14NRE13368,3564062529s860,2026-09-19,2026-09-21,pay_27CZD2AN8P3391,order_36RQYEW53U3390,wallet,Payment captured
pay_JTW4DXEWX63394,payment,0,169796,173898,INR,3477,625,setl_6CWS14NRE13368,3564062529s860,2026-09-19,2026-09-21,pay_JTW4DXEWX63394,order_VY0NRPKRVZ3393,upi,Payment captured
pay_G8ZTXZTELW3399,payment,0,3431643,3514586,INR,70291,12652,setl_MP6BPYT64M3397,3622980061f841,2026-09-20,2026-09-22,pay_G8ZTXZTELW3399,order_MQJ8A1MYRS3398,upi,Payment captured
pay_40Z4G383JF3402,payment,0,243831,249723,INR,4994,898,setl_MP6BPYT64M3397,3622980061f841,2026-09-20,2026-09-22,pay_40Z4G383JF3402,order_L8K36NWVAV3401,netbanking,Payment captured
pay_4M9U15P1PE3405,payment,0,5398225,5528702,INR,110574,19903,setl_MP6BPYT64M3397,3622980061f841,2026-09-20,2026-09-22,pay_4M9U15P1PE3405,order_V40D9MPBLZ3404,wallet,Payment captured
pay_UFF3RSQCQG3408,payment,0,4446831,4554312,INR,91086,16395,setl_MP6BPYT64M3397,3622980061f841,2026-09-20,2026-09-22,pay_UFF3RSQCQG3408,order_8ARP1VD8U73407,netbanking,Payment captured
pay_EGA8V93FC03411,payment,0,91101,93302,INR,1866,335,setl_MP6BPYT64M3397,3622980061f841,2026-09-20,2026-09-22,pay_EGA8V93FC03411,order_VEUAX50KLY3410,wallet,Payment captured
pay_207UW6QKE33414,payment,0,178631,182947,INR,3658,658,setl_MP6BPYT64M3397,3622980061f841,2026-09-20,2026-09-22,pay_207UW6QKE33414,order_XN8G0JVTEB3413,netbanking,Payment captured
pay_RBYB334GSX3417,payment,0,272739,279330,INR,5586,1005,setl_MP6BPYT64M3397,3622980061f841,2026-09-20,2026-09-22,pay_RBYB334GSX3417,order_5EEA5L9ZBL3416,netbanking,Payment captured
pay_MD8YJH41AH3420,payment,0,379221,388386,INR,7767,1398,setl_MP6BPYT64M3397,3622980061f841,2026-09-20,2026-09-22,pay_MD8YJH41AH3420,order_LLUMLAM8EY3419,card,Payment captured
pay_7S1KRQ8UUD3423,payment,0,163278,167223,INR,3344,601,setl_MP6BPYT64M3397,3622980061f841,2026-09-20,2026-09-22,pay_7S1KRQ8UUD3423,order_EQURDRLZCL3422,upi,Payment captured
pay_WBXDT87GXB3426,payment,0,16399,16794,INR,335,60,setl_MP6BPYT64M3397,3622980061f841,2026-09-20,2026-09-22,pay_WBXDT87GXB3426,order_92SGU2RJC83425,wallet,Payment captured
pay_NSY198T91X3429,payment,0,75487,77311,INR,1546,278,setl_MP6BPYT64M3397,3622980061f841,2026-09-20,2026-09-22,pay_NSY198T91X3429,order_6QGE6H7SAB3428,card,Payment captured
pay_39P8KYJUAV3432,payment,0,106533,109107,INR,2182,392,setl_MP6BPYT64M3397,3622980061f841,2026-09-20,2026-09-22,pay_39P8KYJUAV3432,order_DU6SGKAGAN3431,wallet,Payment captured
pay_9E5WKSERXR3435,payment,0,186262,190763,INR,3815,686,setl_MP6BPYT64M3397,3622980061f841,2026-09-20,2026-09-22,pay_9E5WKSERXR3435,order_32UDPG3N163434,card,Payment captured
pay_0GCNSBX6P13440,payment,0,2605614,2668591,INR,53371,9606,setl_BFFS7V5XT73438,2989483020i879,2026-09-21,2026-09-23,pay_0GCNSBX6P13440,order_25EVZ0X64Q3439,card,Payment captured
pay_W85MQ2RVEH3443,payment,0,228635,234160,INR,4683,842,setl_BFFS7V5XT73438,2989483020i879,2026-09-21,2026-09-23,pay_W85MQ2RVEH3443,order_LG8855E3G03442,wallet,Payment captured
pay_1B9UGYXZN53446,payment,0,1368709,1401790,INR,28035,5046,setl_BFFS7V5XT73438,2989483020i879,2026-09-21,2026-09-23,pay_1B9UGYXZN53446,order_EKHL78ZLSE3445,netbanking,Payment captured
pay_ADTC4Z2CKR3449,payment,0,1255683,1286032,INR,25720,4629,setl_BFFS7V5XT73438,2989483020i879,2026-09-21,2026-09-23,pay_ADTC4Z2CKR3449,order_B7H3SSGTVA3448,card,Payment captured
pay_ZH6N22WT4Z3452,payment,0,153468,157176,INR,3143,565,setl_BFFS7V5XT73438,2989483020i879,2026-09-21,2026-09-23,pay_ZH6N22WT4Z3452,order_8XVK5PTS7K3451,emi,Payment captured
pay_QBSDLY0DCU3455,payment,0,119770,122664,INR,2453,441,setl_BFFS7V5XT73438,2989483020i879,2026-09-21,2026-09-23,pay_QBSDLY0DCU3455,order_75HWN1AG6U3454,upi,Payment captured
pay_M5LBUP8G723458,payment,0,49532,50728,INR,1014,182,setl_BFFS7V5XT73438,2989483020i879,2026-09-21,2026-09-23,pay_M5LBUP8G723458,order_45G43PWA2U3457,upi,Payment captured
pay_DU058LCP3B3461,payment,0,69083,70752,INR,1415,254,setl_BFFS7V5XT73438,2989483020i879,2026-09-21,2026-09-23,pay_DU058LCP3B3461,order_EW8V2T6JX23460,upi,Payment captured
pay_WUAWQMTLH23464,payment,0,1209090,1238313,INR,24766,4457,setl_BFFS7V5XT73438,2989483020i879,2026-09-21,2026-09-23,pay_WUAWQMTLH23464,order_QFJKD304313463,netbanking,Payment captured
pay_40UYXZJ2HW3467,payment,0,382896,392149,INR,7842,1411,setl_BFFS7V5XT73438,2989483020i879,2026-09-21,2026-09-23,pay_40UYXZJ2HW3467,order_R9CX4QMHQ03466,emi,Payment captured
pay_W1K1RW3BC03470,payment,0,2544457,2605957,INR,52119,9381,setl_BFFS7V5XT73438,2989483020i879,2026-09-21,2026-09-23,pay_W1K1RW3BC03470,order_17TUFJNX3M3469,emi,Payment captured
pay_X9BE73LHNT3473,payment,0,234268,239929,INR,4798,863,setl_BFFS7V5XT73438,2989483020i879,2026-09-21,2026-09-23,pay_X9BE73LHNT3473,order_9SXPEM5NTS3472,card,Payment captured
pay_GL4ETCSR4V3476,payment,0,45793,46898,INR,937,168,setl_BFFS7V5XT73438,2989483020i879,2026-09-21,2026-09-23,pay_GL4ETCSR4V3476,order_JS4C8GAGT93475,upi,Payment captured
pay_343SK8HKY93481,payment,0,384340,393628,INR,7872,1416,setl_UBXCHDX0QX3479,3535314718u288,2026-09-22,2026-09-24,pay_343SK8HKY93481,order_G22V2BJELU3480,card,Payment captured
pay_7H21Y78GPB3484,payment,0,230296,235862,INR,4717,849,setl_UBXCHDX0QX3479,3535314718u288,2026-09-22,2026-09-24,pay_7H21Y78GPB3484,order_KARQFS3Z2Y3483,netbanking,Payment captured
pay_T70SGM2GPZ3487,payment,0,144905,148407,INR,2968,534,setl_UBXCHDX0QX3479,3535314718u288,2026-09-22,2026-09-24,pay_T70SGM2GPZ3487,order_0KWNJJQB6K3486,card,Payment captured
pay_Y8HMA30Z0N3490,payment,0,883568,904923,INR,18098,3257,setl_UBXCHDX0QX3479,3535314718u288,2026-09-22,2026-09-24,pay_Y8HMA30Z0N3490,order_C9QZTTK6893489,emi,Payment captured
pay_CLJ8BF57FB3493,payment,0,216020,221240,INR,4424,796,setl_UBXCHDX0QX3479,3535314718u288,2026-09-22,2026-09-24,pay_CLJ8BF57FB3493,order_M6XQSHPYX63492,card,Payment captured
pay_M1BF466YQN3498,payment,0,1702915,1744074,INR,34881,6278,setl_H9335D337S3496,7316583847u749,2026-09-23,2026-09-25,pay_M1BF466YQN3498,order_GFDUAQ8SR53497,netbanking,Payment captured
pay_LG99YMFGU93501,payment,0,1252654,1282930,INR,25658,4618,setl_H9335D337S3496,7316583847u749,2026-09-23,2026-09-25,pay_LG99YMFGU93501,order_64M55SZ4XD3500,emi,Payment captured
pay_6D0RM9XRJD3504,payment,0,853756,874390,INR,17487,3147,setl_H9335D337S3496,7316583847u749,2026-09-23,2026-09-25,pay_6D0RM9XRJD3504,order_MBU5XRZ8V43503,wallet,Payment captured
pay_WJEHX4MQXD3507,payment,0,212668,217808,INR,4356,784,setl_H9335D337S3496,7316583847u749,2026-09-23,2026-09-25,pay_WJEHX4MQXD3507,order_E993P2FQWU3506,emi,Payment captured
pay_CHBBGSM8223510,payment,0,11509849,11788045,INR,235760,42436,setl_H9335D337S3496,7316583847u749,2026-09-23,2026-09-25,pay_CHBBGSM8223510,order_0YU75F6KJB3509,netbanking,Payment captured
pay_86MTLM6U133513,payment,0,1815103,1858974,INR,37179,6692,setl_H9335D337S3496,7316583847u749,2026-09-23,2026-09-25,pay_86MTLM6U133513,order_C14GA8AASY3512,emi,Payment captured
pay_27T6KF5HLU3519,payment,0,1648228,1688065,INR,33761,6076,setl_X6WDPEAV4F3517,2102778990p588,2026-09-24,2026-09-26,pay_27T6KF5HLU3519,order_M8B2FC6S113518,card,Payment captured
pay_6FD7M9QV503522,payment,0,226608,232084,INR,4641,835,setl_X6WDPEAV4F3517,2102778990p588,2026-09-24,2026-09-26,pay_6FD7M9QV503522,order_ZKZW407PWA3521,upi,Payment captured
pay_X11PBD1N0K3525,payment,0,1052640,1078081,INR,21561,3880,setl_X6WDPEAV4F3517,2102778990p588,2026-09-24,2026-09-26,pay_X11PBD1N0K3525,order_M4X1VSQCWE3524,upi,Payment captured
pay_6LW1456DXZ3528,payment,0,1270857,1301573,INR,26031,4685,setl_X6WDPEAV4F3517,2102778990p588,2026-09-24,2026-09-26,pay_6LW1456DXZ3528,order_GFPZN6R2ZL3527,emi,Payment captured
pay_8N6S2BLER33531,payment,0,220087,225406,INR,4508,811,setl_X6WDPEAV4F3517,2102778990p588,2026-09-24,2026-09-26,pay_8N6S2BLER33531,order_6ADJRPGPJ13530,card,Payment captured
pay_L29V7T2TZW3536,payment,0,46453,47575,INR,951,171,setl_QZZJW7B3NA3534,4064450253t328,2026-09-25,2026-09-27,pay_L29V7T2TZW3536,order_497GZNY2V73535,emi,Payment captured
pay_9AGA277SS73539,payment,0,147843,151416,INR,3028,545,setl_QZZJW7B3NA3534,4064450253t328,2026-09-25,2026-09-27,pay_9AGA277SS73539,order_6W1VYBXHAW3538,netbanking,Payment captured
pay_K3L8HEYAMP3542,payment,0,65788,67377,INR,1347,242,setl_QZZJW7B3NA3534,4064450253t328,2026-09-25,2026-09-27,pay_K3L8HEYAMP3542,order_QV44T2QN6K3541,upi,Payment captured
pay_ETY74R20BW3545,payment,0,261860,268188,INR,5363,965,setl_QZZJW7B3NA3534,4064450253t328,2026-09-25,2026-09-27,pay_ETY74R20BW3545,order_WAS6J2B63L3544,emi,Payment captured
pay_RHSSS0E3RW3548,payment,0,144996,148500,INR,2970,534,setl_QZZJW7B3NA3534,4064450253t328,2026-09-25,2026-09-27,pay_RHSSS0E3RW3548,order_9Y94V8YZ4H3547,card,Payment captured
pay_6XZ7QJMCBD3551,payment,0,66556,68164,INR,1363,245,setl_QZZJW7B3NA3534,4064450253t328,2026-09-25,2026-09-27,pay_6XZ7QJMCBD3551,order_8T854Z0EF93550,emi,Payment captured
pay_GJNQRD2XRN3554,payment,0,17964,18397,INR,367,66,setl_QZZJW7B3NA3534,4064450253t328,2026-09-25,2026-09-27,pay_GJNQRD2XRN3554,order_WEQTVMU2J63553,upi,Payment captured
pay_4J1LBFB4QM3559,payment,0,155405,159160,INR,3183,572,setl_53RD65Q8R33557,8926549633n127,2026-09-26,2026-09-28,pay_4J1LBFB4QM3559,order_78WXADUTZC3558,card,Payment captured
pay_P4LTWF5C883562,payment,0,168656,172731,INR,3454,621,setl_53RD65Q8R33557,8926549633n127,2026-09-26,2026-09-28,pay_P4LTWF5C883562,order_VFY37HE54W3561,netbanking,Payment captured
pay_NC224MEJGW3565,payment,0,1221282,1250800,INR,25016,4502,setl_53RD65Q8R33557,8926549633n127,2026-09-26,2026-09-28,pay_NC224MEJGW3565,order_K39PZC5BYF3564,emi,Payment captured
pay_RA3NC9Z9PC3568,payment,0,1384126,1417580,INR,28351,5103,setl_53RD65Q8R33557,8926549633n127,2026-09-26,2026-09-28,pay_RA3NC9Z9PC3568,order_KHULVFQ6G63567,card,Payment captured
pay_RWUGAW46JY3571,payment,0,118593,121459,INR,2429,437,setl_53RD65Q8R33557,8926549633n127,2026-09-26,2026-09-28,pay_RWUGAW46JY3571,order_X2C166ZYY43570,emi,Payment captured
pay_KUHBUFZD5V3574,payment,0,63733,65272,INR,1305,234,setl_53RD65Q8R33557,8926549633n127,2026-09-26,2026-09-28,pay_KUHBUFZD5V3574,order_X78UZ6KC9B3573,netbanking,Payment captured
pay_CCVXVCJJ6B3577,payment,0,1533485,1570548,INR,31410,5653,setl_53RD65Q8R33557,8926549633n127,2026-09-26,2026-09-28,pay_CCVXVCJJ6B3577,order_03FQUBT4YC3576,upi,Payment captured
pay_W8G7C9QRYE3580,payment,0,5642916,5779307,INR,115586,20805,setl_53RD65Q8R33557,8926549633n127,2026-09-26,2026-09-28,pay_W8G7C9QRYE3580,order_1PP1U7JLVZ3579,netbanking,Payment captured
pay_H4D84PE7A83583,payment,0,161116,165010,INR,3300,594,setl_53RD65Q8R33557,8926549633n127,2026-09-26,2026-09-28,pay_H4D84PE7A83583,order_BT27LWGVA03582,card,Payment captured
pay_4QHKYQ2GJ43586,payment,0,103050,105539,INR,2110,379,setl_53RD65Q8R33557,8926549633n127,2026-09-26,2026-09-28,pay_4QHKYQ2GJ43586,order_DG0SWS20KZ3585,netbanking,Payment captured
pay_G3CTM0FSS43589,payment,0,151819,155487,INR,3109,559,setl_53RD65Q8R33557,8926549633n127,2026-09-26,2026-09-28,pay_G3CTM0FSS43589,order_D84H5QQFX73588,netbanking,Payment captured
pay_CS873JBNN43592,payment,0,97973,100340,INR,2006,361,setl_53RD65Q8R33557,8926549633n127,2026-09-26,2026-09-28,pay_CS873JBNN43592,order_8K2UZSFHQ53591,netbanking,Payment captured
pay_NUKWYX0FNK3595,payment,0,492002,503892,INR,10077,1813,setl_53RD65Q8R33557,8926549633n127,2026-09-26,2026-09-28,pay_NUKWYX0FNK3595,order_V3STAL3HNY3594,emi,Payment captured
